category_key,parent_category_key,name.en_US,name.de_DE,meta_title.de_DE,meta_title.en_US,meta_description.de_DE,meta_description.en_US,meta_keywords.de_DE,meta_keywords.en_US,is_active,is_in_menu,is_clickable,is_searchable,is_root,is_main,node_order,template_name,category_image_name.en_US,category_image_name.de_DE
demoshop,,Demoshop,Demoshop,Demoshop,Demoshop,Deutsche Version des Demoshop,English version of Demoshop,Deutsche Version des Demoshop,English version of Demoshop,1,0,1,0,1,1,900,Catalog (default),,
AF000001,demoshop,Affiliate,Affiliate,Affiliate,Affiliate,Affiliate,Affiliate,Affiliate,Affiliate,1,1,1,1,0,1,923,Catalog (default),,
MC_10001,demoshop,Automotive,Auto & Motorrad,Auto & Motorrad,Automotive,Auto & Motorrad,Automotive,Auto & Motorrad,Automotive,1,1,1,1,0,1,,Catalog (default),,
SUB_10001,MC_10001,Trailers & Carriers,Anhänger & Trägersysteme,Anhänger & Trägersysteme,Trailers & Carriers,Anhänger & Trägersysteme,Trailers & Carriers,Anhänger & Trägersysteme,Trailers & Carriers,1,1,1,1,0,1,,Catalog (default),,
SUB_10002,MC_10001,Car Tuning,Auto Tuning,Auto Tuning,Car Tuning,Auto Tuning,Car Tuning,Auto Tuning,Car Tuning,1,1,1,1,0,1,,Catalog (default),,
SUB_10003,MC_10001,Car Workshop Equipment,Auto-Werkstattausstattung,Auto-Werkstattausstattung,Car Workshop Equipment,Auto-Werkstattausstattung,Car Workshop Equipment,Auto-Werkstattausstattung,Car Workshop Equipment,1,1,1,1,0,1,,Catalog (default),,
SUB_10004,MC_10001,Car Care,Autopflege,Autopflege,Car Care,Autopflege,Car Care,Autopflege,Car Care,1,1,1,1,0,1,,Catalog (default),,
SUB_10005,MC_10001,Car Parts,Autoteile,Autoteile,Car Parts,Autoteile,Car Parts,Autoteile,Car Parts,1,1,1,1,0,1,,Catalog (default),,
SUB_10006,MC_10001,Car accessories,Autozubehör,Autozubehör,Car accessories,Autozubehör,Car accessories,Autozubehör,Car accessories,1,1,1,1,0,1,,Catalog (default),,
SUB_10007,MC_10001,Vehicles,Fahrzeuge,Fahrzeuge,Vehicles,Fahrzeuge,Vehicles,Fahrzeuge,Vehicles,1,1,1,1,0,1,,Catalog (default),,
SUB_10008,MC_10001,Motorcycle Supplies,Motorradbedarf,Motorradbedarf,Motorcycle Supplies,Motorradbedarf,Motorcycle Supplies,Motorradbedarf,Motorcycle Supplies,1,1,1,1,0,1,,Catalog (default),,
SUB_10009,MC_10001,Oils & Maintenance,Öle & Wartungsmittel,Öle & Wartungsmittel,Oils & Maintenance,Öle & Wartungsmittel,Oils & Maintenance,Öle & Wartungsmittel,Oils & Maintenance,1,1,1,1,0,1,,Catalog (default),,
SUB_10010,MC_10001,Wheels & Tires,Räder & Reifen,Räder & Reifen,Wheels & Tires,Räder & Reifen,Wheels & Tires,Räder & Reifen,Wheels & Tires,1,1,1,1,0,1,,Catalog (default),,
SUB_10010_01,SUB_10010,Rims,Felgen,Felgen,Rims,Felgen,Rims,Felgen,Rims,1,1,1,1,0,1,,Catalog (default),,
SUB_10010_02,SUB_10010,Summer tires,Sommerreifen,Sommerreifen,Summer tires,Sommerreifen,Summer tires,Sommerreifen,Summer tires,1,1,1,1,0,1,,Catalog (default),,
SUB_10010_03,SUB_10010,All Season tires,Ganzjahresreifen,Ganzjahresreifen,All Season tires,Ganzjahresreifen,All Season tires,Ganzjahresreifen,All Season tires,1,1,1,1,0,1,,Catalog (default),,
SUB_10010_04,SUB_10010,Winter tires,Winterreifen,Winterreifen,Winter tires,Winterreifen,Winter tires,Winterreifen,Winter tires,1,1,1,1,0,1,,Catalog (default),,
SUB_10010_05,SUB_10010,Offroad tires,Offroadreifen,Offroadreifen,Offroad tires,Offroadreifen,Offroad tires,Offroadreifen,Offroad tires,1,1,1,1,0,1,,Catalog (default),,
SUB_10010_06,SUB_10010,Truck Tires,LKW Reifen,LKW Reifen,Truck Tires,LKW Reifen,Truck Tires,LKW Reifen,Truck Tires,1,1,1,1,0,1,,Catalog (default),,
MC_20001,demoshop,Baby & Child,Baby & Kind,Baby & Kind,Baby & Child,Baby & Kind,Baby & Child,Baby & Kind,Baby & Child,1,1,1,1,0,1,,Catalog (default),,
SUB_20001,MC_20001,Baby food & accessories,Babynahrung & Zubehör,Babynahrung & Zubehör,Baby food & accessories,Babynahrung & Zubehör,Baby food & accessories,Babynahrung & Zubehör,Baby food & accessories,1,1,1,1,0,1,,Catalog (default),,
SUB_20002,MC_20001,Baby care & diapering accessories,Babypflege & Wickelzubehör,Babypflege & Wickelzubehör,Baby care & diapering accessories,Babypflege & Wickelzubehör,Baby care & diapering accessories,Babypflege & Wickelzubehör,Baby care & diapering accessories,1,1,1,1,0,1,,Catalog (default),,
SUB_20003,MC_20001,Baby monitors & safety,Babyphone & Sicherheit,Babyphone & Sicherheit,Baby monitors & safety,Babyphone & Sicherheit,Baby monitors & safety,Babyphone & Sicherheit,Baby monitors & safety,1,1,1,1,0,1,,Catalog (default),,
SUB_20004,MC_20001,Baby carriers & traveling with babies,Babytragen & Reisen mit Babys,Babytragen & Reisen mit Babys,Baby carriers & traveling with babies,Babytragen & Reisen mit Babys,Baby carriers & traveling with babies,Babytragen & Reisen mit Babys,Baby carriers & traveling with babies,1,1,1,1,0,1,,Catalog (default),,
SUB_20005,MC_20001,Child Seats,Kindersitze,Kindersitze,Child Seats,Kindersitze,Child Seats,Kindersitze,Child Seats,1,1,1,1,0,1,,Catalog (default),,
SUB_20006,MC_20001,Strollers & Accessories,Kinderwagen & Zubehör,Kinderwagen & Zubehör,Strollers & Accessories,Kinderwagen & Zubehör,Strollers & Accessories,Kinderwagen & Zubehör,Strollers & Accessories,1,1,1,1,0,1,,Catalog (default),,
SUB_20007,MC_20001,Nursery,Kinderzimmer,Kinderzimmer,Nursery,Kinderzimmer,Nursery,Kinderzimmer,Nursery,1,1,1,1,0,1,,Catalog (default),,
SUB_20008,MC_20001,Toys,Spielwaren,Spielwaren,Toys,Spielwaren,Toys,Spielwaren,Toys,1,1,1,1,0,1,,Catalog (default),,
SUB_20008_01,SUB_20008,Learning toys,Lernspielzeug,Lernspielzeug,Learning toys,Lernspielzeug,Learning toys,Lernspielzeug,Learning toys,1,1,1,1,0,1,,Catalog (default),,
SUB_20008_02,SUB_20008,Outdoor toys,Outdoor-Spielzeug,Outdoor-Spielzeug,Outdoor toys,Outdoor-Spielzeug,Outdoor toys,Outdoor-Spielzeug,Outdoor toys,1,1,1,1,0,1,,Catalog (default),,
SUB_20008_03,SUB_20008,Wooden toys,Holzspielzeug,Holzspielzeug,Wooden toys,Holzspielzeug,Wooden toys,Holzspielzeug,Wooden toys,1,1,1,1,0,1,,Catalog (default),,
SUB_20008_04,SUB_20008,Board games,Gesellschaftsspiele,Gesellschaftsspiele,Board games,Gesellschaftsspiele,Board games,Gesellschaftsspiele,Board games,1,1,1,1,0,1,,Catalog (default),,
SUB_20008_05,SUB_20008,Electric toys,Elektrospielzeug,Elektrospielzeug,Electric toys,Elektrospielzeug,Electric toys,Elektrospielzeug,Electric toys,1,1,1,1,0,1,,Catalog (default),,
SUB_20008_06,SUB_20008,Children´s vehicles,Kinderfahrzeuge,Kinderfahrzeuge,Children´s vehicles,Kinderfahrzeuge,Children´s vehicles,Kinderfahrzeuge,Children´s vehicles,1,1,1,1,0,1,,Catalog (default),,
SUB_20008_07,SUB_20008,Game & action figures,Spiel- & Actionfiguren,Spiel- & Actionfiguren,Game & action figures,Spiel- & Actionfiguren,Game & action figures,Spiel- & Actionfiguren,Game & action figures,1,1,1,1,0,1,,Catalog (default),,
SUB_20008_08,SUB_20008,Construction kits / building blocks,Baukästen/Bausteine,Baukästen/Bausteine,Construction kits / building blocks,Baukästen/Bausteine,Construction kits / building blocks,Baukästen/Bausteine,Construction kits / building blocks,1,1,1,1,0,1,,Catalog (default),,
SUB_20008_09,SUB_20008,Racetrack,Rennbahn,Rennbahn,Racetrack,Rennbahn,Racetrack,Rennbahn,Racetrack,1,1,1,1,0,1,,Catalog (default),,
SUB_20008_10,SUB_20008,Painting & handicrafts,Malen & Basteln,Malen & Basteln,Painting & handicrafts,Malen & Basteln,Painting & handicrafts,Malen & Basteln,Painting & handicrafts,1,1,1,1,0,1,,Catalog (default),,
SUB_20008_11,SUB_20008,Stuffed animals,Stofftiere,Stofftiere,Stuffed animals,Stofftiere,Stuffed animals,Stofftiere,Stuffed animals,1,1,1,1,0,1,,Catalog (default),,
MC_30001,demoshop,Health & Beauty,Beauty & Gesundheit,Beauty & Gesundheit,Health & Beauty,Beauty & Gesundheit,Health & Beauty,Beauty & Gesundheit,Health & Beauty,1,1,1,1,0,1,,Catalog (default),,
SUB_30001,MC_30001,Household Items,Haushaltsartikel,Haushaltsartikel,Household Items,Haushaltsartikel,Household Items,Haushaltsartikel,Household Items,1,1,1,1,0,1,,Catalog (default),,
SUB_30002,MC_30001,Contact Lenses & Glasses,Kontaktlinsen & Brillen,Kontaktlinsen & Brillen,Contact Lenses & Glasses,Kontaktlinsen & Brillen,Contact Lenses & Glasses,Kontaktlinsen & Brillen,Contact Lenses & Glasses,1,1,1,1,0,1,,Catalog (default),,
SUB_30003,MC_30001,Cosmetics & Fragrances,Kosmetik & Düfte,Kosmetik & Düfte,Cosmetics & Fragrances,Kosmetik & Düfte,Cosmetics & Fragrances,Kosmetik & Düfte,Cosmetics & Fragrances,1,1,1,1,0,1,,Catalog (default),,
SUB_30003_01,SUB_30003,Women´s fragrances,Damendüfte,Damendüfte,Women´s fragrances,Damendüfte,Women´s fragrances,Damendüfte,Women´s fragrances,1,1,1,1,0,1,,Catalog (default),,
SUB_30003_02,SUB_30003,Men´s fragrances,Herrendüfte,Herrendüfte,Men´s fragrances,Herrendüfte,Men´s fragrances,Herrendüfte,Men´s fragrances,1,1,1,1,0,1,,Catalog (default),,
SUB_30004,MC_30001,Body Hygiene & Care,Körperhygiene & Pflege,Körperhygiene & Pflege,Body Hygiene & Care,Körperhygiene & Pflege,Body Hygiene & Care,Körperhygiene & Pflege,Body Hygiene & Care,1,1,1,1,0,1,,Catalog (default),,
SUB_30004_01,SUB_30004,Shower & bath products,Dusch-& Badeprodukte,Dusch-& Badeprodukte,Shower & bath products,Dusch-& Badeprodukte,Shower & bath products,Dusch-& Badeprodukte,Shower & bath products,1,1,1,1,0,1,,Catalog (default),,
SUB_30004_02,SUB_30004,Deodorants,Deodorants,Deodorants,Deodorants,Deodorants,Deodorants,Deodorants,Deodorants,1,1,1,1,0,1,,Catalog (default),,
SUB_30004_03,SUB_30004,Sun Care,Sonnenpfelge,Sonnenpfelge,Sun Care,Sonnenpfelge,Sun Care,Sonnenpfelge,Sun Care,1,1,1,1,0,1,,Catalog (default),,
SUB_30004_04,SUB_30004,Dental Care,Zahnpflege,Zahnpflege,Dental Care,Zahnpflege,Dental Care,Zahnpflege,Dental Care,1,1,1,1,0,1,,Catalog (default),,
SUB_30005,MC_30001,Love & Contraception,Liebe & Verhütung,Liebe & Verhütung,Love & Contraception,Liebe & Verhütung,Love & Contraception,Liebe & Verhütung,Love & Contraception,1,1,1,1,0,1,,Catalog (default),,
SUB_30006,MC_30001,Medicine & Food Supplements,Medizin & Nahrungsergänzung,Medizin & Nahrungsergänzung,Medicine & Food Supplements,Medizin & Nahrungsergänzung,Medicine & Food Supplements,Medizin & Nahrungsergänzung,Medicine & Food Supplements,1,1,1,1,0,1,,Catalog (default),,
SUB_30007,MC_30001,Medical supplies & clinic supplies,Sanitätshaus & Klinikbedarf,Sanitätshaus & Klinikbedarf,Medical supplies & clinic supplies,Sanitätshaus & Klinikbedarf,Medical supplies & clinic supplies,Sanitätshaus & Klinikbedarf,Medical supplies & clinic supplies,1,1,1,1,0,1,,Catalog (default),,
MC_40001,demoshop,"Books, Movies, TV Shows & Music","Bücher, Filme, Serien & Musik","Bücher, Filme, Serien & Musik","Books, Movies, TV Shows & Music","Bücher, Filme, Serien & Musik","Books, Movies, TV Shows & Music","Bücher, Filme, Serien & Musik","Books, Movies, TV Shows & Music",1,1,1,1,0,1,,Catalog (default),,
SUB_40001,MC_40001,Books,Bücher,Bücher,Books,Bücher,Books,Bücher,Books,1,1,1,1,0,1,,Catalog (default),,
SUB_40002,MC_40001,Audio Books,Hörbücher,Hörbücher,Audio Books,Hörbücher,Audio Books,Hörbücher,Audio Books,1,1,1,1,0,1,,Catalog (default),,
SUB_40003,MC_40001,Calendar,Kalender,Kalender,Calendar,Kalender,Calendar,Kalender,Calendar,1,1,1,1,0,1,,Catalog (default),,
SUB_40004,MC_40001,Movies,Filme,Filme,Movies,Filme,Movies,Filme,Movies,1,1,1,1,0,1,,Catalog (default),,
SUB_40005,MC_40001,TV Series,TV Serien,TV Serien,TV Series,TV Serien,TV Series,TV Serien,TV Series,1,1,1,1,0,1,,Catalog (default),,
SUB_40006,MC_40001,Music,Musik,Musik,Music,Musik,Music,Musik,Music,1,1,1,1,0,1,,Catalog (default),,
MC_50001,demoshop,Office Supplies & Stationery,Bürobedarf & Schreibwaren,Bürobedarf & Schreibwaren,Office Supplies & Stationery,Bürobedarf & Schreibwaren,Office Supplies & Stationery,Bürobedarf & Schreibwaren,Office Supplies & Stationery,1,1,1,1,0,1,,Catalog (default),,
SUB_50001,MC_50001,Office equipment,Büroausstattung,Büroausstattung,Office equipment,Büroausstattung,Office equipment,Büroausstattung,Office equipment,1,1,1,1,0,1,,Catalog (default),,
SUB_50002,MC_50001,Office organization,Büroorganisation,Büroorganisation,Office organization,Büroorganisation,Office organization,Büroorganisation,Office organization,1,1,1,1,0,1,,Catalog (default),,
SUB_50003,MC_50001,Gift Boxes & Gift Cards,Geschenkverpackungen & Geschenkkarten,Geschenkverpackungen & Geschenkkarten,Gift Boxes & Gift Cards,Geschenkverpackungen & Geschenkkarten,Gift Boxes & Gift Cards,Geschenkverpackungen & Geschenkkarten,Gift Boxes & Gift Cards,1,1,1,1,0,1,,Catalog (default),,
SUB_50004,MC_50001,Painting & Handicraft supplies,Malbedarf & Bastelbedarf,Malbedarf & Bastelbedarf,Painting & Handicraft supplies,Malbedarf & Bastelbedarf,Painting & Handicraft supplies,Malbedarf & Bastelbedarf,Painting & Handicraft supplies,1,1,1,1,0,1,,Catalog (default),,
SUB_50005,MC_50001,Stationery,Papierwaren,Papierwaren,Stationery,Papierwaren,Stationery,Papierwaren,Stationery,1,1,1,1,0,1,,Catalog (default),,
SUB_50006,MC_50001,Presentation Accessories,Präsentationszubehör,Präsentationszubehör,Presentation Accessories,Präsentationszubehör,Presentation Accessories,Präsentationszubehör,Presentation Accessories,1,1,1,1,0,1,,Catalog (default),,
SUB_50007,MC_50001,"Scissors, Staplers & Glue","Scheren, Hefter & Kleber","Scheren, Hefter & Kleber","Scissors, Staplers & Glue","Scheren, Hefter & Kleber","Scissors, Staplers & Glue","Scheren, Hefter & Kleber","Scissors, Staplers & Glue",1,1,1,1,0,1,,Catalog (default),,
SUB_50008,MC_50001,Schreibwaren,Schreibwaren,Schreibwaren,Stationery,Schreibwaren,Stationery,Schreibwaren,Stationery,1,1,1,1,0,1,,Catalog (default),,
SUB_50009,MC_50001,School supplies,Schulbedarf,Schulbedarf,School supplies,Schulbedarf,School supplies,Schulbedarf,School supplies,1,1,1,1,0,1,,Catalog (default),,
SUB_50010,MC_50001,Technical Drawing,Technisches Zeichnen,Technisches Zeichnen,Technical Drawing,Technisches Zeichnen,Technical Drawing,Technisches Zeichnen,Technical Drawing,1,1,1,1,0,1,,Catalog (default),,
SUB_50011,MC_50001,Packing & Shipping,Verpackung & Versand,Verpackung & Versand,Packing & Shipping,Verpackung & Versand,Packing & Shipping,Verpackung & Versand,Packing & Shipping,1,1,1,1,0,1,,Catalog (default),,
MC_60001,demoshop,Electronics,Elektronik,Elektronik,Electronics,Elektronik,Electronics,Elektronik,Electronics,1,1,1,1,0,1,,Catalog (default),,
SUB_60001,MC_60001,Accumulators & Batteries,Akkus & Batterien,Akkus & Batterien,Accumulators & Batteries,Akkus & Batterien,Accumulators & Batteries,Akkus & Batterien,Accumulators & Batteries,1,1,1,1,0,1,,Catalog (default),,
SUB_60002,MC_60001,Computer,Computer,Computer,Computer,Computer,Computer,Computer,Computer,1,1,1,1,0,1,,Catalog (default),,
SUB_60002_01,SUB_60002,Notebook,Notebook,Notebook,Notebook,Notebook,Notebook,Notebook,Notebook,1,1,1,1,0,1,,Catalog (default),,
SUB_60002_02,SUB_60002,Tablet,Tablet,Tablet,Tablet,Tablet,Tablet,Tablet,Tablet,1,1,1,1,0,1,,Catalog (default),,
SUB_60002_03,SUB_60002,Monitors,Monitore,Monitore,Monitors,Monitore,Monitors,Monitore,Monitors,1,1,1,1,0,1,,Catalog (default),,
SUB_60002_04,SUB_60002,IT,IT,IT,IT,IT,IT,IT,IT,1,1,1,1,0,1,,Catalog (default),,
SUB_60002_05,SUB_60002,Computer Accessories,Computer-Zubehör,Computer-Zubehör,Computer Accessories,Computer-Zubehör,Computer Accessories,Computer-Zubehör,Computer Accessories,1,1,1,1,0,1,,Catalog (default),,
SUB_60003,MC_60001,Printer & Scanner,Drucker & Scanner,Drucker & Scanner,Printer & Scanner,Drucker & Scanner,Printer & Scanner,Drucker & Scanner,Printer & Scanner,1,1,1,1,0,1,,Catalog (default),,
SUB_60004,MC_60001,E-Book-Reader,E-Book-Reader,E-Book-Reader,E-Book-Reader,E-Book-Reader,E-Book-Reader,E-Book-Reader,E-Book-Reader,1,1,1,1,0,1,,Catalog (default),,
SUB_60005,MC_60001,Photography & Videography,Fotografie & Videografie,Fotografie & Videografie,Photography & Videography,Fotografie & Videografie,Photography & Videography,Fotografie & Videografie,Photography & Videography,1,1,1,1,0,1,,Catalog (default),,
SUB_60006,MC_60001,Gaming & electronic toys,Gaming- & Elektrospielzeug,Gaming- & Elektrospielzeug,Gaming & electronic toys,Gaming- & Elektrospielzeug,Gaming & electronic toys,Gaming- & Elektrospielzeug,Gaming & electronic toys,1,1,1,1,0,1,,Catalog (default),,
SUB_60006_01,SUB_60006,Microsoft,Microsoft,Microsoft,Microsoft,Microsoft,Microsoft,Microsoft,Microsoft,1,1,1,1,0,1,,Catalog (default),,
SUB_60006_02,SUB_60006,Nintendo,Nintendo,Nintendo,Nintendo,Nintendo,Nintendo,Nintendo,Nintendo,1,1,1,1,0,1,,Catalog (default),,
SUB_60006_03,SUB_60006,Sony,Sony,Sony,Sony,Sony,Sony,Sony,Sony,1,1,1,1,0,1,,Catalog (default),,
SUB_60006_04,SUB_60006,Gaming Accessories,Gaming-Zubehör,Gaming-Zubehör,Gaming Accessories,Gaming-Zubehör,Gaming Accessories,Gaming-Zubehör,Gaming Accessories,1,1,1,1,0,1,,Catalog (default),,
SUB_60007,MC_60001,Household Electronics,Haushaltselektronik,Haushaltselektronik,Household Electronics,Haushaltselektronik,Household Electronics,Haushaltselektronik,Household Electronics,1,1,1,1,0,1,,Catalog (default),,
SUB_60007_01,SUB_60007,Kitchen Appliances,Küchengeräte,Küchengeräte,Kitchen Appliances,Küchengeräte,Kitchen Appliances,Küchengeräte,Kitchen Appliances,1,1,1,1,0,1,,Catalog (default),,
SUB_60007_02,SUB_60007,Large electrical appliances,Elektrogroßgeräte,Elektrogroßgeräte,Large electrical appliances,Elektrogroßgeräte,Large electrical appliances,Elektrogroßgeräte,Large electrical appliances,1,1,1,1,0,1,,Catalog (default),,
SUB_60007_03,SUB_60007,Domestic Appliances,Haushaltsgeräte,Haushaltsgeräte,Domestic Appliances,Haushaltsgeräte,Domestic Appliances,Haushaltsgeräte,Domestic Appliances,1,1,1,1,0,1,,Catalog (default),,
SUB_60007_04,SUB_60007,Making Coffee,Kaffeezubereitung,Kaffeezubereitung,Making Coffee,Kaffeezubereitung,Making Coffee,Kaffeezubereitung,Making Coffee,1,1,1,1,0,1,,Catalog (default),,
SUB_60008,MC_60001,"HiFi, TV, Video & Audio","HiFi, TV, Video & Audio","HiFi, TV, Video & Audio","HiFi, TV, Video & Audio","HiFi, TV, Video & Audio","HiFi, TV, Video & Audio","HiFi, TV, Video & Audio","HiFi, TV, Video & Audio",1,1,1,1,0,1,,Catalog (default),,
SUB_60008_01,SUB_60008,Hifi & Audio,Hifi & Audio,Hifi & Audio,Hifi & Audio,Hifi & Audio,Hifi & Audio,Hifi & Audio,Hifi & Audio,1,1,1,1,0,1,,Catalog (default),,
SUB_60008_02,SUB_60008,TV & Sat,TV & Sat,TV & Sat,TV & Sat,TV & Sat,TV & Sat,TV & Sat,TV & Sat,1,1,1,1,0,1,,Catalog (default),,
SUB_60008_03,SUB_60008,Car Hifi,Car Hifi,Car Hifi,Car Hifi,Car Hifi,Car Hifi,Car Hifi,Car Hifi,1,1,1,1,0,1,,Catalog (default),,
SUB_60008_04,SUB_60008,Audio accessories,Audio-Zubehör,Audio-Zubehör,Audio accessories,Audio-Zubehör,Audio accessories,Audio-Zubehör,Audio accessories,1,1,1,1,0,1,,Catalog (default),,
SUB_60009,MC_60001,Telecommunications & Navigation,Telekommunikation & Navigation,Telekommunikation & Navigation,Telecommunications & Navigation,Telekommunikation & Navigation,Telecommunications & Navigation,Telekommunikation & Navigation,Telecommunications & Navigation,1,1,1,1,0,1,,Catalog (default),,
SUB_60009_01,SUB_60009,Smartphones,Smartphones,Smartphones,Smartphones,Smartphones,Smartphones,Smartphones,Smartphones,1,1,1,1,0,1,,Catalog (default),,
SUB_60009_02,SUB_60009,Smartphone Accessories,Smartphone Zubehör,Smartphone Zubehör,Smartphone Accessories,Smartphone Zubehör,Smartphone Accessories,Smartphone Zubehör,Smartphone Accessories,1,1,1,1,0,1,,Catalog (default),,
SUB_60009_03,SUB_60009,Navigation,Navigation,Navigation,Navigation,Navigation,Navigation,Navigation,Navigation,1,1,1,1,0,1,,Catalog (default),,
SUB_60009_04,SUB_60009,Smartwatch,Smartwatch,Smartwatch,Smartwatch,Smartwatch,Smartwatch,Smartwatch,Smartwatch,1,1,1,1,0,1,,Catalog (default),,
SUB_60010,MC_60001,Electronics Accessories,Elektronik Zubehör,Elektronik Zubehör,Electronics Accessories,Elektronik Zubehör,Electronics Accessories,Elektronik Zubehör,Electronics Accessories,1,1,1,1,0,1,,Catalog (default),,
SUB_60011,MC_60001,Software,Software,Software,Software,Software,Software,Software,Software,1,1,1,1,0,1,,Catalog (default),,
SUB_60014,MC_60001,Body Care & Wellness,Körperpflege & Wellness,Körperpflege & Wellness,Body Care & Wellness,Körperpflege & Wellness,Body Care & Wellness,Körperpflege & Wellness,Body Care & Wellness,1,1,1,1,0,1,,Catalog (default),,
SUB_60014_01,SUB_60014,Beard trimmers & hair clippers,Bartschneider & Haarschneider,Bartschneider & Haarschneider,Beard trimmers & hair clippers,Bartschneider & Haarschneider,Beard trimmers & hair clippers,Bartschneider & Haarschneider,Beard trimmers & hair clippers,1,1,1,1,0,1,,Catalog (default),,
SUB_60014_02,SUB_60014,Electric toothbrushes,Elektronische Zahnbürsten,Elektronische Zahnbürsten,Electric toothbrushes,Elektronische Zahnbürsten,Electric toothbrushes,Elektronische Zahnbürsten,Electric toothbrushes,1,1,1,1,0,1,,Catalog (default),,
SUB_60014_03,SUB_60014,Hair care,Haarpflege,Haarpflege,Hair care,Haarpflege,Hair care,Haarpflege,Hair care,1,1,1,1,0,1,,Catalog (default),,
MC_70001,demoshop,Food & Drink,Essen & Trinken,Essen & Trinken,Food & Drink,Essen & Trinken,Food & Drink,Essen & Trinken,Food & Drink,1,1,1,1,0,1,,Catalog (default),,
SUB_70001,MC_70001,Beverages,Getränke,Getränke,Beverages,Getränke,Beverages,Getränke,Beverages,1,1,1,1,0,1,,Catalog (default),,
SUB_70001_01,SUB_70001,Alcohol,Alkohol,Alkohol,Alcohol,Alkohol,Alcohol,Alkohol,Alcohol,1,1,1,1,0,1,,Catalog (default),,
SUB_70001_02,SUB_70001,Alcohol-free,Alkoholfrei,Alkoholfrei,Alcohol-free,Alkoholfrei,Alcohol-free,Alkoholfrei,Alcohol-free,1,1,1,1,0,1,,Catalog (default),,
SUB_70002,MC_70001,Food,Lebensmittel,Lebensmittel,Food,Lebensmittel,Food,Lebensmittel,Food,1,1,1,1,0,1,,Catalog (default),,
SUB_70003,MC_70001,Sweets & Snacks,Süßigkeiten & Knabbereien,Süßigkeiten & Knabbereien,Sweets & Snacks,Süßigkeiten & Knabbereien,Sweets & Snacks,Süßigkeiten & Knabbereien,Sweets & Snacks,1,1,1,1,0,1,,Catalog (default),,
SUB_70003_01,SUB_70003,Sweet,Süss,Süss,Sweet,Süss,Sweet,Süss,Sweet,1,0,1,0,0,1,,Catalog (default),,
SUB_70003_02,SUB_70003,Salty,Salzig,Salzig,Salty,Salzig,Salty,Salzig,Salty,1,0,1,0,0,1,,Catalog (default),,
SUB_70003_03,SUB_70003,Sour,Sauer,Sauer,Sour,Sauer,Sour,Sauer,Sour,1,0,1,0,0,1,,Catalog (default),,
MC_80001,demoshop,Home & Garden,Haus & Garten,Haus & Garten,Home & Garden,Haus & Garten,Home & Garden,Haus & Garten,Home & Garden,1,1,1,1,0,1,,Catalog (default),,
SUB_80001,MC_80001,Bathroom,Badezimmer,Badezimmer,Bathroom,Badezimmer,Bathroom,Badezimmer,Bathroom,1,1,1,1,0,1,,Catalog (default),,
SUB_80002,MC_80001,Lighting,Beleuchtung,Beleuchtung,Lighting,Beleuchtung,Lighting,Beleuchtung,Lighting,1,1,1,1,0,1,,Catalog (default),,
SUB_80002_01,SUB_80002,Indoor lights,Innenleuchten,Innenleuchten,Indoor lights,Innenleuchten,Indoor lights,Innenleuchten,Indoor lights,1,0,1,0,0,1,,Catalog (default),,
SUB_80002_02,SUB_80002,Outdoor lights,Außenleuchten,Außenleuchten,Outdoor lights,Außenleuchten,Outdoor lights,Außenleuchten,Outdoor lights,1,0,1,0,0,1,,Catalog (default),,
SUB_80002_03,SUB_80002,Bulbs,Leuchtmittel,Leuchtmittel,Bulbs,Leuchtmittel,Bulbs,Leuchtmittel,Bulbs,1,0,1,0,0,1,,Catalog (default),,
SUB_80003,MC_80001,Decoration & Seasonal Items,Dekoration & Saisonartikel,Dekoration & Saisonartikel,Decoration & Seasonal Items,Dekoration & Saisonartikel,Decoration & Seasonal Items,Dekoration & Saisonartikel,Decoration & Seasonal Items,1,1,1,1,0,1,,Catalog (default),,
SUB_80004,MC_80001,Garden,Garten,Garten,Garden,Garten,Garden,Garten,Garden,1,1,1,1,0,1,,Catalog (default),,
SUB_80004_01,SUB_80004,Barbeque,Grillen,Grillen,Barbeque,Grillen,Barbeque,Grillen,Barbeque,1,1,1,1,0,1,,Catalog (default),,
SUB_80004_02,SUB_80004,Garden Tools,Gartenwerkzeug,Gartenwerkzeug,Garden Tools,Gartenwerkzeug,Garden Tools,Gartenwerkzeug,Garden Tools,1,1,1,1,0,1,,Catalog (default),,
SUB_80004_03,SUB_80004,Garden Furniture,Gartenmöbel,Gartenmöbel,Garden Furniture,Gartenmöbel,Garden Furniture,Gartenmöbel,Garden Furniture,1,1,1,1,0,1,,Catalog (default),,
SUB_80004_04,SUB_80004,Plants & Trees,Pflanzen & Bäume,Pflanzen & Bäume,Plants & Trees,Pflanzen & Bäume,Plants & Trees,Pflanzen & Bäume,Plants & Trees,1,1,1,1,0,1,,Catalog (default),,
SUB_80004_05,SUB_80004,Planting Accessories,Pflanzzubehör,Pflanzzubehör,Planting Accessories,Pflanzzubehör,Planting Accessories,Pflanzzubehör,Planting Accessories,1,1,1,1,0,1,,Catalog (default),,
SUB_80004_06,SUB_80004,Pool Technology,Pooltechnik,Pooltechnik,Pool Technology,Pooltechnik,Pool Technology,Pooltechnik,Pool Technology,1,1,1,1,0,1,,Catalog (default),,
SUB_80005,MC_80001,Household goods,Haushaltswaren,Haushaltswaren,Household goods,Haushaltswaren,Household goods,Haushaltswaren,Household goods,1,1,1,1,0,1,,Catalog (default),,
SUB_80006,MC_80001,Home textiles,Heimtextilien,Heimtextilien,Home textiles,Heimtextilien,Home textiles,Heimtextilien,Home textiles,1,1,1,1,0,1,,Catalog (default),,
SUB_80007,MC_80001,Home improvement / DIY,Heimwerken,Heimwerken,Home improvement / DIY,Heimwerken,Home improvement / DIY,Heimwerken,Home improvement / DIY,1,1,1,1,0,1,,Catalog (default),,
SUB_80007_01,SUB_80007,Electric Tools,Elektrowerkzeuge,Elektrowerkzeuge,Electric Tools,Elektrowerkzeuge,Electric Tools,Elektrowerkzeuge,Electric Tools,1,1,1,1,0,1,,Catalog (default),,
SUB_80007_02,SUB_80007,Hand Tools,Handwerkzeuge,Handwerkzeuge,Hand Tools,Handwerkzeuge,Hand Tools,Handwerkzeuge,Hand Tools,1,1,1,1,0,1,,Catalog (default),,
SUB_80007_03,SUB_80007,Tool Accessories,Werkzeugzubehör,Werkzeugzubehör,Tool Accessories,Werkzeugzubehör,Tool Accessories,Werkzeugzubehör,Tool Accessories,1,1,1,1,0,1,,Catalog (default),,
SUB_80007_04,SUB_80007,Building needs,Baubedarf,Baubedarf,Building needs,Baubedarf,Building needs,Baubedarf,Building needs,1,1,1,1,0,1,,Catalog (default),,
SUB_80007_05,SUB_80007,Electrics,Elektrik,Elektrik,Electrics,Elektrik,Electrics,Elektrik,Electrics,1,1,1,1,0,1,,Catalog (default),,
SUB_80007_06,SUB_80007,Ironmongery,Eisenwaren,Eisenwaren,Ironmongery,Eisenwaren,Ironmongery,Eisenwaren,Ironmongery,1,1,1,1,0,1,,Catalog (default),,
SUB_80007_07,SUB_80007,Painting & Renovating,Malen & Renovieren,Malen & Renovieren,Painting & Renovating,Malen & Renovieren,Painting & Renovating,Malen & Renovieren,Painting & Renovating,1,1,1,1,0,1,,Catalog (default),,
SUB_80008,MC_80001,Kitchen,Küche,Küche,Kitchen,Küche,Kitchen,Küche,Kitchen,1,1,1,1,0,1,,Catalog (default),,
SUB_80009,MC_80001,Indoor climate,Raumklima,Raumklima,Indoor climate,Raumklima,Indoor climate,Raumklima,Indoor climate,1,1,1,1,0,1,,Catalog (default),,
SUB_80010,MC_80001,Furniture,Möbel,Möbel,Furniture,Möbel,Furniture,Möbel,Furniture,1,1,1,1,0,1,,Catalog (default),,
SUB_80010_01,SUB_80010,Kitchen Furniture,Küchenmöbel,Küchenmöbel,Kitchen Furniture,Küchenmöbel,Kitchen Furniture,Küchenmöbel,Kitchen Furniture,1,1,1,1,0,1,,Catalog (default),,
SUB_80010_02,SUB_80010,Bedroom Furniture,Schlafzimmermöbel,Schlafzimmermöbel,Bedroom Furniture,Schlafzimmermöbel,Bedroom Furniture,Schlafzimmermöbel,Bedroom Furniture,1,1,1,1,0,1,,Catalog (default),,
SUB_80010_03,SUB_80010,Living Room Furniture,Wohnzimmermöbel,Wohnzimmermöbel,Living Room Furniture,Wohnzimmermöbel,Living Room Furniture,Wohnzimmermöbel,Living Room Furniture,1,1,1,1,0,1,,Catalog (default),,
SUB_80010_04,SUB_80010,Dining Room Furniture,Esszimmermöbel,Esszimmermöbel,Dining Room Furniture,Esszimmermöbel,Dining Room Furniture,Esszimmermöbel,Dining Room Furniture,1,1,1,1,0,1,,Catalog (default),,
SUB_80010_05,SUB_80010,Working Space Furniture,Arbeitszimmermöbel,Arbeitszimmermöbel,Working Space Furniture,Arbeitszimmermöbel,Working Space Furniture,Arbeitszimmermöbel,Working Space Furniture,1,1,1,1,0,1,,Catalog (default),,
SUB_80010_06,SUB_80010,Kids Room Furniture,Kinderzimmermöbel,Kinderzimmermöbel,Kids Room Furniture,Kinderzimmermöbel,Kids Room Furniture,Kinderzimmermöbel,Kids Room Furniture,1,1,1,1,0,1,,Catalog (default),,
SUB_80010_07,SUB_80010,Bath Furniture,Badezimmer Möbel,Badezimmer Möbel,Bath Furniture,Badezimmer Möbel,Bath Furniture,Badezimmer Möbel,Bath Furniture,1,1,1,1,0,1,,Catalog (default),,
SUB_80010_08,SUB_80010,Hall Furniture,Flur Möbel,Flur Möbel,Hall Furniture,Flur Möbel,Hall Furniture,Flur Möbel,Hall Furniture,1,1,1,1,0,1,,Catalog (default),,
MC_90001,demoshop,Merchandise,Merchandise,Merchandise,Merchandise,Merchandise,Merchandise,Merchandise,Merchandise,1,1,1,1,0,1,,Catalog (default),,
SUB_90001,MC_90001,Book world,Buchwelt,Buchwelt,Book world,Buchwelt,Book world,Buchwelt,Book world,1,1,1,1,0,1,,Catalog (default),,
SUB_90002,MC_90001,Film world,Filmwelt,Filmwelt,Film world,Filmwelt,Film world,Filmwelt,Film world,1,1,1,1,0,1,,Catalog (default),,
SUB_90003,MC_90001,Gaming World,Gamingwelt,Gamingwelt,Gaming World,Gamingwelt,Gaming World,Gamingwelt,Gaming World,1,1,1,1,0,1,,Catalog (default),,
SUB_90004,MC_90001,Music World,Musikwelt,Musikwelt,Music World,Musikwelt,Music World,Musikwelt,Music World,1,1,1,1,0,1,,Catalog (default),,
SUB_90005,MC_90001,Series world,Serienwelt,Serienwelt,Series world,Serienwelt,Series world,Serienwelt,Series world,1,1,1,1,0,1,,Catalog (default),,
SUB_90006,MC_90001,Fan articles,Fanartikel,Fanartikel,Fan articles,Fanartikel,Fan articles,Fanartikel,Fan articles,1,1,1,1,0,1,,Catalog (default),,
SUB_90006_01,SUB_90006,Kitchen Appliances,myWorld,myWorld,Kitchen Appliances,myWorld,Kitchen Appliances,myWorld,Kitchen Appliances,1,1,1,1,0,1,,Catalog (default),,
SUB_90006_01_01,SUB_90006_01,Lyconet,Lyconet,Lyconet,Lyconet,Lyconet,Lyconet,Lyconet,Lyconet,1,1,1,1,0,1,,Catalog (default),,
SUB_90006_01_01a,SUB_90006_01_01,Top-Seller,Top-Seller,Top-Seller,Top-Seller,Top-Seller,Top-Seller,Top-Seller,Top-Seller,1,0,1,0,0,1,,Catalog (default),,
SUB_90006_01_01b,SUB_90006_01_01,Travel,Travel,Travel,Travel,Travel,Travel,Travel,Travel,1,0,1,0,0,1,,Catalog (default),,
SUB_90006_01_01c,SUB_90006_01_01,Clothing,Clothing,Clothing,Clothing,Clothing,Clothing,Clothing,Clothing,1,0,1,0,0,1,,Catalog (default),,
SUB_90006_01_01d,SUB_90006_01_01,CFF,CFF,CFF,CFF,CFF,CFF,CFF,CFF,1,0,1,0,0,1,,Catalog (default),,
SUB_90006_01_01e,SUB_90006_01_01,Eventbranding,Eventbranding,Eventbranding,Eventbranding,Eventbranding,Eventbranding,Eventbranding,Eventbranding,1,0,1,0,0,1,,Catalog (default),,
SUB_90006_01_01f,SUB_90006_01_01,Office,Office,Office,Office,Office,Office,Office,Office,1,0,1,0,0,1,,Catalog (default),,
SUB_90006_01_02,SUB_90006_01,EliteClub,EliteClub,EliteClub,EliteClub,EliteClub,EliteClub,EliteClub,EliteClub,1,1,1,1,0,1,,Catalog (default),,
SUB_90007,MC_90001,all other worlds,alle anderen Welten,alle anderen Welten,all other worlds,alle anderen Welten,all other worlds,alle anderen Welten,all other worlds,1,1,1,1,0,1,,Catalog (default),,
MC_11001,demoshop,Fashion & Accessories,Mode & Accessoires,Mode & Accessoires,Fashion & Accessories,Mode & Accessoires,Fashion & Accessories,Mode & Accessoires,Fashion & Accessories,1,1,1,1,0,1,,Catalog (default),,
SUB_11001,MC_11001,Accessories,Accessories,Accessories,Accessories,Accessories,Accessories,Accessories,Accessories,1,1,1,1,0,1,,Catalog (default),,
SUB_11001_01,SUB_11001,Gloves,Handschuhe,Handschuhe,Gloves,Handschuhe,Gloves,Handschuhe,Gloves,1,1,1,1,0,1,,Catalog (default),,
SUB_11001_02,SUB_11001,Belt,Gürtel,Gürtel,Belt,Gürtel,Belt,Gürtel,Belt,1,1,1,1,0,1,,Catalog (default),,
SUB_11001_03,SUB_11001,Ties & Pocket Square,Krawatten & Stecktücher,Krawatten & Stecktücher,Ties & Pocket Square,Krawatten & Stecktücher,Ties & Pocket Square,Krawatten & Stecktücher,Ties & Pocket Square,1,1,1,1,0,1,,Catalog (default),,
SUB_11001_04,SUB_11001,Sunglasses,Sonnenbrillen,Sonnenbrillen,Sunglasses,Sonnenbrillen,Sunglasses,Sonnenbrillen,Sunglasses,1,1,1,1,0,1,,Catalog (default),,
SUB_11002,MC_11001,Clothing for Babies,Bekleidung für Babys,Bekleidung für Babys,Clothing for Babies,Bekleidung für Babys,Clothing for Babies,Bekleidung für Babys,Clothing for Babies,1,1,1,1,0,1,,Catalog (default),,
SUB_11003,MC_11001,Clothes for Women,Bekleidung für Damen,Bekleidung für Damen,Clothes for Women,Bekleidung für Damen,Clothes for Women,Bekleidung für Damen,Clothes for Women,1,1,1,1,0,1,,Catalog (default),,
SUB_11003_01,SUB_11003,Ladies Jackets & Coats,Damenjacken & Damenmäntel,Damenjacken & Damenmäntel,Ladies Jackets & Coats,Damenjacken & Damenmäntel,Ladies Jackets & Coats,Damenjacken & Damenmäntel,Ladies Jackets & Coats,1,1,1,1,0,1,,Catalog (default),,
SUB_11003_02,SUB_11003,Ladies Trousers,Damenhosen,Damenhosen,Ladies Trousers,Damenhosen,Ladies Trousers,Damenhosen,Ladies Trousers,1,1,1,1,0,1,,Catalog (default),,
SUB_11003_03,SUB_11003,Ladies Blouses,Blusen,Blusen,Ladies Blouses,Blusen,Ladies Blouses,Blusen,Ladies Blouses,1,1,1,1,0,1,,Catalog (default),,
SUB_11003_04,SUB_11003,Ladies Shirts,Damen-Shirts,Damen-Shirts,Ladies Shirts,Damen-Shirts,Ladies Shirts,Damen-Shirts,Ladies Shirts,1,1,1,1,0,1,,Catalog (default),,
SUB_11003_05,SUB_11003,Ladies Dresses,Kleider,Kleider,Ladies Dresses,Kleider,Ladies Dresses,Kleider,Ladies Dresses,1,1,1,1,0,1,,Catalog (default),,
SUB_11003_06,SUB_11003,Ladies Sweaters,Damenpullover,Damenpullover,Ladies Sweaters,Damenpullover,Ladies Sweaters,Damenpullover,Ladies Sweaters,1,1,1,1,0,1,,Catalog (default),,
SUB_11003_07,SUB_11003,Skirts,Röcke,Röcke,Skirts,Röcke,Skirts,Röcke,Skirts,1,1,1,1,0,1,,Catalog (default),,
SUB_11003_08,SUB_11003,Ladies underwear,Damenunterwäsche,Damenunterwäsche,Ladies underwear,Damenunterwäsche,Ladies underwear,Damenunterwäsche,Ladies underwear,1,1,1,1,0,1,,Catalog (default),,
SUB_11003_09,SUB_11003,Ladies swimwear,Damenbademode,Damenbademode,Ladies swimwear,Damenbademode,Ladies swimwear,Damenbademode,Ladies swimwear,1,1,1,1,0,1,,Catalog (default),,
SUB_11003_10,SUB_11003,Ladies nightwear,Damennachtwäsche,Damennachtwäsche,Ladies nightwear,Damennachtwäsche,Ladies nightwear,Damennachtwäsche,Ladies nightwear,1,1,1,1,0,1,,Catalog (default),,
SUB_11004,MC_11001,Clothing for Men,Bekleidung für Herren,Bekleidung für Herren,Clothing for Men,Bekleidung für Herren,Clothing for Men,Bekleidung für Herren,Clothing for Men,1,1,1,1,0,1,,Catalog (default),,
SUB_11004_01,SUB_11004,Jacket & Coats for men,Herrenjacken & Herrenmäntel,Herrenjacken & Herrenmäntel,Jacket & Coats for men,Herrenjacken & Herrenmäntel,Jacket & Coats for men,Herrenjacken & Herrenmäntel,Jacket & Coats for men,1,1,1,1,0,1,,Catalog (default),,
SUB_11004_02,SUB_11004,Pants for men,Herrenhosen,Herrenhosen,Pants for men,Herrenhosen,Pants for men,Herrenhosen,Pants for men,1,1,1,1,0,1,,Catalog (default),,
SUB_11004_03,SUB_11004,T-Shirts for men,Herren-Shirts,Herren-Shirts,T-Shirts for men,Herren-Shirts,T-Shirts for men,Herren-Shirts,T-Shirts for men,1,1,1,1,0,1,,Catalog (default),,
SUB_11004_04,SUB_11004,Shirts for men,Herrenhemden,Herrenhemden,Shirts for men,Herrenhemden,Shirts for men,Herrenhemden,Shirts for men,1,1,1,1,0,1,,Catalog (default),,
SUB_11004_05,SUB_11004,Sweater for men,Herrenpullover,Herrenpullover,Sweater for men,Herrenpullover,Sweater for men,Herrenpullover,Sweater for men,1,1,1,1,0,1,,Catalog (default),,
SUB_11004_06,SUB_11004,Underwear for men,Herrenunterwäsche,Herrenunterwäsche,Underwear for men,Herrenunterwäsche,Underwear for men,Herrenunterwäsche,Underwear for men,1,1,1,1,0,1,,Catalog (default),,
SUB_11004_07,SUB_11004,Swimwear for men,Herrenbademode,Herrenbademode,Swimwear for men,Herrenbademode,Swimwear for men,Herrenbademode,Swimwear for men,1,1,1,1,0,1,,Catalog (default),,
SUB_11004_08,SUB_11004,Sleepwear for men,Herrennachtwäsche,Herrennachtwäsche,Sleepwear for men,Herrennachtwäsche,Sleepwear for men,Herrennachtwäsche,Sleepwear for men,1,1,1,1,0,1,,Catalog (default),,
SUB_11004_09,SUB_11004,Suits for men,Herrenanzüge,Herrenanzüge,Suits for men,Herrenanzüge,Suits for men,Herrenanzüge,Suits for men,1,1,1,1,0,1,,Catalog (default),,
SUB_11005,MC_11001,Clothes for Kids,Bekleidung für Kinder,Bekleidung für Kinder,Clothes for Kids,Bekleidung für Kinder,Clothes for Kids,Bekleidung für Kinder,Clothes for Kids,1,1,1,1,0,1,,Catalog (default),,
SUB_11005_01,SUB_11005,Kids Jackets & Coats,Kinderjacken & Kindermäntel,Kinderjacken & Kindermäntel,Kids Jackets & Coats,Kinderjacken & Kindermäntel,Kids Jackets & Coats,Kinderjacken & Kindermäntel,Kids Jackets & Coats,1,1,1,1,0,1,,Catalog (default),,
SUB_11005_02,SUB_11005,Kids Pants,Kinderhosen,Kinderhosen,Kids Pants,Kinderhosen,Kids Pants,Kinderhosen,Kids Pants,1,1,1,1,0,1,,Catalog (default),,
SUB_11005_03,SUB_11005,Shirts for kids,Kindershirts,Kindershirts,Shirts for kids,Kindershirts,Shirts for kids,Kindershirts,Shirts for kids,1,1,1,1,0,1,,Catalog (default),,
SUB_11005_04,SUB_11005,Dresses for kids,Kinderkleider,Kinderkleider,Dresses for kids,Kinderkleider,Dresses for kids,Kinderkleider,Dresses for kids,1,1,1,1,0,1,,Catalog (default),,
SUB_11005_05,SUB_11005,Kids Sweaters,Kinderpullover,Kinderpullover,Kids Sweaters,Kinderpullover,Kids Sweaters,Kinderpullover,Kids Sweaters,1,1,1,1,0,1,,Catalog (default),,
SUB_11005_06,SUB_11005,Children underwear,Kinderunterwäsche,Kinderunterwäsche,Children underwear,Kinderunterwäsche,Children underwear,Kinderunterwäsche,Children underwear,1,1,1,1,0,1,,Catalog (default),,
SUB_11005_07,SUB_11005,Children swimwear,Kinderbademode,Kinderbademode,Children swimwear,Kinderbademode,Children swimwear,Kinderbademode,Children swimwear,1,1,1,1,0,1,,Catalog (default),,
SUB_11005_08,SUB_11005,Children accessories,Kinderaccessoires,Kinderaccessoires,Children accessories,Kinderaccessoires,Children accessories,Kinderaccessoires,Children accessories,1,1,1,1,0,1,,Catalog (default),,
SUB_11006,MC_11001,Handicrafts,Handarbeit,Handarbeit,Handicrafts,Handarbeit,Handicrafts,Handarbeit,Handicrafts,1,1,1,1,0,1,,Catalog (default),,
SUB_11007,MC_11001,"Suitcases, Backpacks & Bags","Koffer, Rucksäcke & Taschen","Koffer, Rucksäcke & Taschen","Suitcases, Backpacks & Bags","Koffer, Rucksäcke & Taschen","Suitcases, Backpacks & Bags","Koffer, Rucksäcke & Taschen","Suitcases, Backpacks & Bags",1,1,1,1,0,1,,Catalog (default),,
SUB_11008,MC_11001,Jewelry,Schmuck,Schmuck,Jewelry,Schmuck,Jewelry,Schmuck,Jewelry,1,1,1,1,0,1,,Catalog (default),,
SUB_11009,MC_11001,Shoes,Schuhe,Schuhe,Shoes,Schuhe,Shoes,Schuhe,Shoes,1,1,1,1,0,1,,Catalog (default),,
SUB_11009_01,SUB_11009,Shoes for men,Herrenschuhe,Herrenschuhe,Shoes for men,Herrenschuhe,Shoes for men,Herrenschuhe,Shoes for men,1,1,1,1,0,1,,Catalog (default),,
SUB_11009_02,SUB_11009,Shoes for women,Damenschuhe,Damenschuhe,Shoes for women,Damenschuhe,Shoes for women,Damenschuhe,Shoes for women,1,1,1,1,0,1,,Catalog (default),,
SUB_11009_03,SUB_11009,Shoes for Kids,Kinderschuhe,Kinderschuhe,Shoes for Kids,Kinderschuhe,Shoes for Kids,Kinderschuhe,Shoes for Kids,1,1,1,1,0,1,,Catalog (default),,
SUB_11009_04,SUB_11009,Sneakers,Sneakers,Sneakers,Sneakers,Sneakers,Sneakers,Sneakers,Sneakers,1,1,1,1,0,1,,Catalog (default),,
SUB_11009_05,SUB_11009,Shoes for everyone,Schuhe für Jeden,Schuhe für Jeden,Shoes for everyone,Schuhe für Jeden,Shoes for everyone,Schuhe für Jeden,Shoes for everyone,1,1,1,1,0,1,,Catalog (default),,
SUB_11010,MC_11001,Watches,Uhren,Uhren,Watches,Uhren,Watches,Uhren,Watches,1,1,1,1,0,1,,Catalog (default),,
SUB_11011,MC_11001,Work clothing,Arbeitsbekleidung,Arbeitsbekleidung,Work clothing,Arbeitsbekleidung,Work clothing,Arbeitsbekleidung,Work clothing,1,1,1,1,0,1,,Catalog (default),,
SUB_11012,MC_11001,Clothing for everyone,Bekleidung für Jeden,Bekleidung für Jeden,Clothing for everyone,Bekleidung für Jeden,Clothing for everyone,Bekleidung für Jeden,Clothing for everyone,1,1,1,1,0,1,,Catalog (default),,
SUB_11012_01,SUB_11012,"Suits, Jackets & Coats","Anzüge, Jacken & Mäntel","Anzüge, Jacken & Mäntel","Suits, Jackets & Coats","Anzüge, Jacken & Mäntel","Suits, Jackets & Coats","Anzüge, Jacken & Mäntel","Suits, Jackets & Coats",1,1,1,1,0,1,,Catalog (default),,
SUB_11012_02,SUB_11012,T-Shirts,T-Shirts,T-Shirts,T-Shirts,T-Shirts,T-Shirts,T-Shirts,T-Shirts,1,1,1,1,0,1,,Catalog (default),,
SUB_11012_03,SUB_11012,Shirts & Blouses,Hemden & Blusen,Hemden & Blusen,Shirts & Blouses,Hemden & Blusen,Shirts & Blouses,Hemden & Blusen,Shirts & Blouses,1,1,1,1,0,1,,Catalog (default),,
SUB_11012_04,SUB_11012,Sweaters & Hoodies,Pullver & Hoodies,Pullver & Hoodies,Sweaters & Hoodies,Pullver & Hoodies,Sweaters & Hoodies,Pullver & Hoodies,Sweaters & Hoodies,1,1,1,1,0,1,,Catalog (default),,
SUB_11012_05,SUB_11012,Dresses & Skirts,Kleider & Röcke,Kleider & Röcke,Dresses & Skirts,Kleider & Röcke,Dresses & Skirts,Kleider & Röcke,Dresses & Skirts,1,1,1,1,0,1,,Catalog (default),,
SUB_11012_06,SUB_11012,Underwear,Unterwäsche,Unterwäsche,Underwear,Unterwäsche,Underwear,Unterwäsche,Underwear,1,1,1,1,0,1,,Catalog (default),,
SUB_11012_07,SUB_11012,Swimwear,Bademode,Bademode,Swimwear,Bademode,Swimwear,Bademode,Swimwear,1,1,1,1,0,1,,Catalog (default),,
MC_12001,demoshop,Sports & Outdoor,Sport & Freizeit,Sport & Freizeit,Sports & Outdoor,Sport & Freizeit,Sports & Outdoor,Sport & Freizeit,Sports & Outdoor,1,1,1,1,0,1,,Catalog (default),,
SUB_12001,MC_12001,Camping,Camping,Camping,Camping,Camping,Camping,Camping,Camping,1,1,1,1,0,1,,Catalog (default),,
SUB_12002,MC_12001,Scooter & E-Scooter,Scooter & E-Scooter,Scooter & E-Scooter,Scooter & E-Scooter,Scooter & E-Scooter,Scooter & E-Scooter,Scooter & E-Scooter,Scooter & E-Scooter,1,1,1,1,0,1,,Catalog (default),,
SUB_12003,MC_12001,Bicycle world,Fahrradwelt,Fahrradwelt,Bicycle world,Fahrradwelt,Bicycle world,Fahrradwelt,Bicycle world,1,1,1,1,0,1,,Catalog (default),,
SUB_12003_01,SUB_12003,E-bikes,E-Bikes,E-Bikes,E-bikes,E-Bikes,E-bikes,E-Bikes,E-bikes,1,1,1,1,0,1,,Catalog (default),,
SUB_12003_02,SUB_12003,Mountain bikes,Mountainbikes,Mountainbikes,Mountain bikes,Mountainbikes,Mountain bikes,Mountainbikes,Mountain bikes,1,1,1,1,0,1,,Catalog (default),,
SUB_12003_03,SUB_12003,Citybikes,Citybikes,Citybikes,Citybikes,Citybikes,Citybikes,Citybikes,Citybikes,1,1,1,1,0,1,,Catalog (default),,
SUB_12003_04,SUB_12003,Children bikes,Kinderfahrräder,Kinderfahrräder,Children bikes,Kinderfahrräder,Children bikes,Kinderfahrräder,Children bikes,1,1,1,1,0,1,,Catalog (default),,
SUB_12003_05,SUB_12003,Bicycle accessories,Fahrradzubehör,Fahrradzubehör,Bicycle accessories,Fahrradzubehör,Bicycle accessories,Fahrradzubehör,Bicycle accessories,1,1,1,1,0,1,,Catalog (default),,
SUB_12004,MC_12001,GPS & Wearables,GPS & Wearables,GPS & Wearables,GPS & Wearables,GPS & Wearables,GPS & Wearables,GPS & Wearables,GPS & Wearables,1,1,1,1,0,1,,Catalog (default),,
SUB_12005,MC_12001,Handicrafts & Crafts,Handarbeit & Basteln,Handarbeit & Basteln,Handicrafts & Crafts,Handarbeit & Basteln,Handicrafts & Crafts,Handarbeit & Basteln,Handicrafts & Crafts,1,1,1,1,0,1,,Catalog (default),,
SUB_12006,MC_12001,Meditation & Esotericism,Meditation & Esoterik,Meditation & Esoterik,Meditation & Esotericism,Meditation & Esoterik,Meditation & Esotericism,Meditation & Esoterik,Meditation & Esotericism,1,1,1,1,0,1,,Catalog (default),,
SUB_12007,MC_12001,Musical Instruments & Accessories,Musikinstrumente & Zubehör,Musikinstrumente & Zubehör,Musical Instruments & Accessories,Musikinstrumente & Zubehör,Musical Instruments & Accessories,Musikinstrumente & Zubehör,Musical Instruments & Accessories,1,1,1,1,0,1,,Catalog (default),,
SUB_12008,MC_12001,Outdoor Equipment,Outdoorausrüstung,Outdoorausrüstung,Outdoor Equipment,Outdoorausrüstung,Outdoor Equipment,Outdoorausrüstung,Outdoor Equipment,1,1,1,1,0,1,,Catalog (default),,
SUB_12009,MC_12001,Sports & outdoor clothing,Sport- & Outdoorbekleidung,Sport- & Outdoorbekleidung,Sports & outdoor clothing,Sport- & Outdoorbekleidung,Sports & outdoor clothing,Sport- & Outdoorbekleidung,Sports & outdoor clothing,1,1,1,1,0,1,,Catalog (default),,
SUB_12009_01,SUB_12009,Sportswear Ladies,Sportbekleidung Damen,Sportbekleidung Damen,Sportswear Ladies,Sportbekleidung Damen,Sportswear Ladies,Sportbekleidung Damen,Sportswear Ladies,1,1,1,1,0,1,,Catalog (default),,
SUB_12009_02,SUB_12009,Sportswear Men,Sportbekleidung Herren,Sportbekleidung Herren,Sportswear Men,Sportbekleidung Herren,Sportswear Men,Sportbekleidung Herren,Sportswear Men,1,1,1,1,0,1,,Catalog (default),,
SUB_12009_03,SUB_12009,Sportswear children,Sportbekleidung Kinder,Sportbekleidung Kinder,Sportswear children,Sportbekleidung Kinder,Sportswear children,Sportbekleidung Kinder,Sportswear children,1,1,1,1,0,1,,Catalog (default),,
SUB_12009_04,SUB_12009,Sports shoes,Sportschuhe,Sportschuhe,Sports shoes,Sportschuhe,Sports shoes,Sportschuhe,Sports shoes,1,1,1,1,0,1,,Catalog (default),,
SUB_12010,MC_12001,Sports nutrition,Sportnahrung,Sportnahrung,Sports nutrition,Sportnahrung,Sports nutrition,Sportnahrung,Sports nutrition,1,1,1,1,0,1,,Catalog (default),,
SUB_12011,MC_12001,Sports equipment,Sportausrüstung,Sportausrüstung,Sports equipment,Sportausrüstung,Sports equipment,Sportausrüstung,Sports equipment,1,1,1,1,0,1,,Catalog (default),,
MC_13001,demoshop,Pet Supplies,Tierbedarf,Tierbedarf,Pet Supplies,Tierbedarf,Pet Supplies,Tierbedarf,Pet Supplies,1,1,1,1,0,1,,Catalog (default),,
SUB_13001,MC_13001,Dog supplies & accessories,Hundebedarf & Hundezubehör,Hundebedarf & Hundezubehör,Dog supplies & accessories,Hundebedarf & Hundezubehör,Dog supplies & accessories,Hundebedarf & Hundezubehör,Dog supplies & accessories,1,1,1,1,0,1,,Catalog (default),,
SUB_13001_01,SUB_13001,Dog food,Hundefutter,Hundefutter,Dog food,Hundefutter,Dog food,Hundefutter,Dog food,1,1,1,1,0,1,,Catalog (default),,
SUB_13001_02,SUB_13001,Dog toys,Hundespielzeug,Hundespielzeug,Dog toys,Hundespielzeug,Dog toys,Hundespielzeug,Dog toys,1,1,1,1,0,1,,Catalog (default),,
SUB_13002,MC_13001,Cat supplies & accessories,Katzenbedarf & Katzenzubehör,Katzenbedarf & Katzenzubehör,Cat supplies & accessories,Katzenbedarf & Katzenzubehör,Cat supplies & accessories,Katzenbedarf & Katzenzubehör,Cat supplies & accessories,1,1,1,1,0,1,,Catalog (default),,
SUB_13002_01,SUB_13002,Cat food,Katzenfutter,Katzenfutter,Cat food,Katzenfutter,Cat food,Katzenfutter,Cat food,1,1,1,1,0,1,,Catalog (default),,
SUB_13002_02,SUB_13002,Cat toys,Katzenspielzeug,Katzenspielzeug,Cat toys,Katzenspielzeug,Cat toys,Katzenspielzeug,Cat toys,1,1,1,1,0,1,,Catalog (default),,
SUB_13003,MC_13001,Aquaristics,Aquaristik,Aquaristik,Aquaristics,Aquaristik,Aquaristics,Aquaristik,Aquaristics,1,1,1,1,0,1,,Catalog (default),,
SUB_13004,MC_13001,Rodent supplies & small animal supplies,Nagerbedarf & Kleintierbedarf,Nagerbedarf & Kleintierbedarf,Rodent supplies & small animal supplies,Nagerbedarf & Kleintierbedarf,Rodent supplies & small animal supplies,Nagerbedarf & Kleintierbedarf,Rodent supplies & small animal supplies,1,1,1,1,0,1,,Catalog (default),,
SUB_13005,MC_13001,Reptiles & Amphibians,Terraristik,Terraristik,Reptiles & Amphibians,Terraristik,Reptiles & Amphibians,Terraristik,Reptiles & Amphibians,1,1,1,1,0,1,,Catalog (default),,
SUB_13006,MC_13001,Birds,Vögel,Vögel,Birds,Vögel,Birds,Vögel,Birds,1,1,1,1,0,1,,Catalog (default),,
SUB_13007,MC_13001,Horses,Pferde,Pferde,Horses,Pferde,Horses,Pferde,Horses,1,1,1,1,0,1,,Catalog (default),,
SUB_13008,MC_13001,Garden & Pond,Garten & Teich,Garten & Teich,Garden & Pond,Garten & Teich,Garden & Pond,Garten & Teich,Garden & Pond,1,1,1,1,0,1,,Catalog (default),,
MC_14001,demoshop,Vouchers,Gutscheine,Gutscheine,Vouchers,Gutscheine,Vouchers,Gutscheine,Vouchers,1,1,1,1,0,1,,Catalog (default),,
SUB_14001,MC_14001,Adventure vouchers,Erlebnisgutscheine,Erlebnisgutscheine,Adventure vouchers,Erlebnisgutscheine,Adventure vouchers,Erlebnisgutscheine,Adventure vouchers,1,0,1,0,0,1,,Catalog (default),,
9999999999,demoshop,Unsorted,Unsorted,Unsorted,Unsorted,Unsorted,Unsorted,Unsorted,Unsorted,0,0,1,0,0,1,,Catalog (default),,
9999999998,demoshop,Offers of the month,Angebote des Monats,Angebote des Monats,Offers of the month,Angebote des Monats,Offers of the month,Angebote des Monats,Offers of the month,0,0,1,0,0,1,,Catalog (default),,
9999999997,demoshop,offline / deactivated,offline / deactivated,offline / deactivated,offline / deactivated,offline / deactivated,offline / deactivated,offline / deactivated,offline / deactivated,0,0,1,0,0,1,,Catalog (default),,
