category_key,parent_category_key,name.en_US,meta_title.en_US,meta_description.en_US,meta_keywords.en_US,is_active,is_in_menu,is_clickable,is_searchable,is_root,is_main,node_order,template_name,category_image_name.en_US,name.pl_PL,name.cs_CZ,name.sk_SK,meta_title.pl_PL,meta_title.cs_CZ,meta_title.sk_SK,meta_description.pl_PL,meta_description.cs_CZ,meta_description.sk_SK,meta_keywords.pl_PL,meta_keywords.cs_CZ,meta_keywords.sk_SK,category_image_name.pl_PL,category_image_name.cs_CZ,category_image_name.sk_SK
shop,,Shop,Shop,English version of Shop,English version of Shop,1,0,1,0,1,1,900,Catalog (default),,Shop,Shop,Shop,Shop,Shop,Shop,Shop,Shop,Shop,Shop,Shop,Shop,,,
AF000001,shop,Affiliate,Affiliate,Affiliate,Affiliate,1,1,1,1,0,1,923,Catalog (default),,Afiliacja,Affiliate,Affiliate,Afiliacja,Affiliate,Affiliate,Afiliacja,Affiliate,Affiliate,Afiliacja,Affiliate,Affiliate,,,
MC_10001,shop,Automotive,Automotive,Automotive,Automotive,1,1,1,1,0,1,,Catalog (default),,Motoryzacja,Auta & Motorky,Auto a Moto,Motoryzacja,Auta & Motorky,Auto a Moto,Motoryzacja,Auta & Motorky,Auto a Moto,Motoryzacja,Auta & Motorky,Auto a Moto,,,
SUB_10001,MC_10001,Trailers & Carriers,Trailers & Carriers,Trailers & Carriers,Trailers & Carriers,1,1,1,1,0,1,,Catalog (default),,Przyczepy i bagażniki,Přívěsy & Střešní nosiče,Prívesy a nosiče,Przyczepy i bagażniki,Přívěsy & Střešní nosiče,Prívesy a nosiče,Przyczepy i bagażniki,Přívěsy & Střešní nosiče,Prívesy a nosiče,Przyczepy i bagażniki,Přívěsy & Střešní nosiče,Prívesy a nosiče,,,
SUB_10002,MC_10001,Car Tuning,Car Tuning,Car Tuning,Car Tuning,1,1,1,1,0,1,,Catalog (default),,Tunning samochodu,Auto tuning,Auto Tuning,Tunning samochodu,Auto tuning,Auto Tuning,Tunning samochodu,Auto tuning,Auto Tuning,Tunning samochodu,Auto tuning,Auto Tuning,,,
SUB_10003,MC_10001,Car Workshop Equipment,Car Workshop Equipment,Car Workshop Equipment,Car Workshop Equipment,1,1,1,1,0,1,,Catalog (default),,Wyposażenie warsztatu samochodowego,Vybavení autodílny,Vybavenie autodielne,Wyposażenie warsztatu samochodowego,Vybavení autodílny,Vybavenie autodielne,Wyposażenie warsztatu samochodowego,Vybavení autodílny,Vybavenie autodielne,Wyposażenie warsztatu samochodowego,Vybavení autodílny,Vybavenie autodielne,,,
SUB_10004,MC_10001,Car Care,Car Care,Car Care,Car Care,1,1,1,1,0,1,,Catalog (default),,Kosmetyki samochodowe,Péče o auto,Starostlivosť o auto,Kosmetyki samochodowe,Péče o auto,Starostlivosť o auto,Kosmetyki samochodowe,Péče o auto,Starostlivosť o auto,Kosmetyki samochodowe,Péče o auto,Starostlivosť o auto,,,
SUB_10005,MC_10001,Car Parts,Car Parts,Car Parts,Car Parts,1,1,1,1,0,1,,Catalog (default),,Części samochodowe,Autodíly,Autodiely,Części samochodowe,Autodíly,Autodiely,Części samochodowe,Autodíly,Autodiely,Części samochodowe,Autodíly,Autodiely,,,
SUB_10006,MC_10001,Car accessories,Car accessories,Car accessories,Car accessories,1,1,1,1,0,1,,Catalog (default),,Akcesoria samochodowe,Autopříslušenství,Autodoplnky,Akcesoria samochodowe,Autopříslušenství,Autodoplnky,Akcesoria samochodowe,Autopříslušenství,Autodoplnky,Akcesoria samochodowe,Autopříslušenství,Autodoplnky,,,
SUB_10007,MC_10001,Vehicles,Vehicles,Vehicles,Vehicles,1,1,1,1,0,1,,Catalog (default),,Pojazdy,Auta,Vozidlá,Pojazdy,Auta,Vozidlá,Pojazdy,Auta,Vozidlá,Pojazdy,Auta,Vozidlá,,,
SUB_10008,MC_10001,Motorcycle Supplies,Motorcycle Supplies,Motorcycle Supplies,Motorcycle Supplies,1,1,1,1,0,1,,Catalog (default),,Artykuły motocyklowe,Potřeby pro motorky,Motodoplnky,Artykuły motocyklowe,Potřeby pro motorky,Motodoplnky,Artykuły motocyklowe,Potřeby pro motorky,Motodoplnky,Artykuły motocyklowe,Potřeby pro motorky,Motodoplnky,,,
SUB_10009,MC_10001,Oils & Maintenance,Oils & Maintenance,Oils & Maintenance,Oils & Maintenance,1,1,1,1,0,1,,Catalog (default),,Oleje i konserwacja,Oleje & Vše pro údržbu,Olej a údržba,Oleje i konserwacja,Oleje & Vše pro údržbu,Olej a údržba,Oleje i konserwacja,Oleje & Vše pro údržbu,Olej a údržba,Oleje i konserwacja,Oleje & Vše pro údržbu,Olej a údržba,,,
SUB_10010,MC_10001,Wheels & Tires,Wheels & Tires,Wheels & Tires,Wheels & Tires,1,1,1,1,0,1,,Catalog (default),,Koła i opony,Kola & Pneumatiky,Kolesá a pneumatiky,Koła i opony,Kola & Pneumatiky,Kolesá a pneumatiky,Koła i opony,Kola & Pneumatiky,Kolesá a pneumatiky,Koła i opony,Kola & Pneumatiky,Kolesá a pneumatiky,,,
SUB_10010_01,SUB_10010,Rims,Rims,Rims,Rims,1,1,1,1,0,1,,Catalog (default),,Felgi,Ráfky,Ráfiky,Felgi,Ráfky,Ráfiky,Felgi,Ráfky,Ráfiky,Felgi,Ráfky,Ráfiky,,,
SUB_10010_02,SUB_10010,Summer tires,Summer tires,Summer tires,Summer tires,1,1,1,1,0,1,,Catalog (default),,Opony letnie,Letní pneumatiky,Letné gumy,Opony letnie,Letní pneumatiky,Letné gumy,Opony letnie,Letní pneumatiky,Letné gumy,Opony letnie,Letní pneumatiky,Letné gumy,,,
SUB_10010_03,SUB_10010,All Season tires,All Season tires,All Season tires,All Season tires,1,1,1,1,0,1,,Catalog (default),,Opony całoroczne,Celoroční pneumatiky,Celoročné gumy,Opony całoroczne,Celoroční pneumatiky,Celoročné gumy,Opony całoroczne,Celoroční pneumatiky,Celoročné gumy,Opony całoroczne,Celoroční pneumatiky,Celoročné gumy,,,
SUB_10010_04,SUB_10010,Winter tires,Winter tires,Winter tires,Winter tires,1,1,1,1,0,1,,Catalog (default),,Opony zimowe,Zimní pneumatiky,Zimné gumy,Opony zimowe,Zimní pneumatiky,Zimné gumy,Opony zimowe,Zimní pneumatiky,Zimné gumy,Opony zimowe,Zimní pneumatiky,Zimné gumy,,,
SUB_10010_05,SUB_10010,Offroad tires,Offroad tires,Offroad tires,Offroad tires,1,1,1,1,0,1,,Catalog (default),,Opony terenowe,Pneumatiky pro offroady,Offroad pneumatiky,Opony terenowe,Pneumatiky pro offroady,Offroad pneumatiky,Opony terenowe,Pneumatiky pro offroady,Offroad pneumatiky,Opony terenowe,Pneumatiky pro offroady,Offroad pneumatiky,,,
SUB_10010_06,SUB_10010,Truck Tires,Truck Tires,Truck Tires,Truck Tires,1,1,1,1,0,1,,Catalog (default),,Opony do ciężarówek,Pneumatiky pro nákladní automobily,Pneumatiky na nákladné autá,Opony do ciężarówek,Pneumatiky pro nákladní automobily,Pneumatiky na nákladné autá,Opony do ciężarówek,Pneumatiky pro nákladní automobily,Pneumatiky na nákladné autá,Opony do ciężarówek,Pneumatiky pro nákladní automobily,Pneumatiky na nákladné autá,,,
MC_20001,shop,Baby & Child,Baby & Child,Baby & Child,Baby & Child,1,1,1,1,0,1,,Catalog (default),,Niemowlę i dziecko,Vše pro děti,Bábätko & Dieťa,Niemowlę i dziecko,Vše pro děti,Bábätko & Dieťa,Niemowlę i dziecko,Vše pro děti,Bábätko & Dieťa,Niemowlę i dziecko,Vše pro děti,Bábätko & Dieťa,,,
SUB_20001,MC_20001,Baby food & accessories,Baby food & accessories,Baby food & accessories,Baby food & accessories,1,1,1,1,0,1,,Catalog (default),,żywność dla niemowląt i akcesoria,Dětská výživa & příslušenství,Detská výživa & Doplnky,żywność dla niemowląt i akcesoria,Dětská výživa & příslušenství,Detská výživa & Doplnky,żywność dla niemowląt i akcesoria,Dětská výživa & příslušenství,Detská výživa & Doplnky,żywność dla niemowląt i akcesoria,Dětská výživa & příslušenství,Detská výživa & Doplnky,,,
SUB_20002,MC_20001,Baby care & diapering accessories,Baby care & diapering accessories,Baby care & diapering accessories,Baby care & diapering accessories,1,1,1,1,0,1,,Catalog (default),,Pielęgnacja niemowląt i pieluchy,Péče dítě & Potřeby pro přebalování,Starostlivosť o dieťa & Plienky,Pielęgnacja niemowląt i pieluchy,Péče dítě & Potřeby pro přebalování,Starostlivosť o dieťa & Plienky,Pielęgnacja niemowląt i pieluchy,Péče dítě & Potřeby pro přebalování,Starostlivosť o dieťa & Plienky,Pielęgnacja niemowląt i pieluchy,Péče dítě & Potřeby pro přebalování,Starostlivosť o dieťa & Plienky,,,
SUB_20003,MC_20001,Baby monitors & safety,Baby monitors & safety,Baby monitors & safety,Baby monitors & safety,1,1,1,1,0,1,,Catalog (default),,Elektroniczna niania i bezpieczeństwo,Monitory dechu & Bezpečnost dětí,Baby monitory & bezpečnosť,Elektroniczna niania i bezpieczeństwo,Monitory dechu & Bezpečnost dětí,Baby monitory & bezpečnosť,Elektroniczna niania i bezpieczeństwo,Monitory dechu & Bezpečnost dětí,Baby monitory & bezpečnosť,Elektroniczna niania i bezpieczeństwo,Monitory dechu & Bezpečnost dětí,Baby monitory & bezpečnosť,,,
SUB_20004,MC_20001,Baby carriers & traveling with babies,Baby carriers & traveling with babies,Baby carriers & traveling with babies,Baby carriers & traveling with babies,1,1,1,1,0,1,,Catalog (default),,Nosidełka i podróżowanie z dziećmi,Nošení dětí & Cestování s dětmi,Babytragen & Reisen mit Babys,Nosidełka i podróżowanie z dziećmi,Nošení dětí & Cestování s dětmi,Babytragen & Reisen mit Babys,Nosidełka i podróżowanie z dziećmi,Nošení dětí & Cestování s dětmi,Babytragen & Reisen mit Babys,Nosidełka i podróżowanie z dziećmi,Nošení dětí & Cestování s dětmi,Babytragen & Reisen mit Babys,,,
SUB_20005,MC_20001,Child Seats,Child Seats,Child Seats,Child Seats,1,1,1,1,0,1,,Catalog (default),,Foteliki dla dzieci,Dětské sedačky,Detské sedačky,Foteliki dla dzieci,Dětské sedačky,Detské sedačky,Foteliki dla dzieci,Dětské sedačky,Detské sedačky,Foteliki dla dzieci,Dětské sedačky,Detské sedačky,,,
SUB_20006,MC_20001,Strollers & Accessories,Strollers & Accessories,Strollers & Accessories,Strollers & Accessories,1,1,1,1,0,1,,Catalog (default),,Wózki i akcesoria,Dětské kočárky & Příslušenství,Kočíky & Príslušenstvo,Wózki i akcesoria,Dětské kočárky & Příslušenství,Kočíky & Príslušenstvo,Wózki i akcesoria,Dětské kočárky & Příslušenství,Kočíky & Príslušenstvo,Wózki i akcesoria,Dětské kočárky & Příslušenství,Kočíky & Príslušenstvo,,,
SUB_20007,MC_20001,Nursery,Nursery,Nursery,Nursery,1,1,1,1,0,1,,Catalog (default),,Pokój dziecięcy,Dětský pokoj,Detská izba,Pokój dziecięcy,Dětský pokoj,Detská izba,Pokój dziecięcy,Dětský pokoj,Detská izba,Pokój dziecięcy,Dětský pokoj,Detská izba,,,
SUB_20008,MC_20001,Toys,Toys,Toys,Toys,1,1,1,1,0,1,,Catalog (default),,Zabawki,Hračky,Hračky,Zabawki,Hračky,Hračky,Zabawki,Hračky,Hračky,Zabawki,Hračky,Hračky,,,
SUB_20008_01,SUB_20008,Learning toys,Learning toys,Learning toys,Learning toys,1,1,1,1,0,1,,Catalog (default),,Zabawki edukacyjne,Didaktické hračky,Náučné hračky,Zabawki edukacyjne,Didaktické hračky,Náučné hračky,Zabawki edukacyjne,Didaktické hračky,Náučné hračky,Zabawki edukacyjne,Didaktické hračky,Náučné hračky,,,
SUB_20008_02,SUB_20008,Outdoor toys,Outdoor toys,Outdoor toys,Outdoor toys,1,1,1,1,0,1,,Catalog (default),,Zabawki ogrodowe,Venkovní hračky,Vonkajšie hračky,Zabawki ogrodowe,Venkovní hračky,Vonkajšie hračky,Zabawki ogrodowe,Venkovní hračky,Vonkajšie hračky,Zabawki ogrodowe,Venkovní hračky,Vonkajšie hračky,,,
SUB_20008_03,SUB_20008,Wooden toys,Wooden toys,Wooden toys,Wooden toys,1,1,1,1,0,1,,Catalog (default),,Zabawki drewniane,Dřevěné hračky,Drevené hračky,Zabawki drewniane,Dřevěné hračky,Drevené hračky,Zabawki drewniane,Dřevěné hračky,Drevené hračky,Zabawki drewniane,Dřevěné hračky,Drevené hračky,,,
SUB_20008_04,SUB_20008,Board games,Board games,Board games,Board games,1,1,1,1,0,1,,Catalog (default),,Gry planszowe,Společenské hry,Stolové hry,Gry planszowe,Společenské hry,Stolové hry,Gry planszowe,Společenské hry,Stolové hry,Gry planszowe,Společenské hry,Stolové hry,,,
SUB_20008_05,SUB_20008,Electric toys,Electric toys,Electric toys,Electric toys,1,1,1,1,0,1,,Catalog (default),,Zabawki elektroniczne,Elektronické hračky,Elektrické hračky,Zabawki elektroniczne,Elektronické hračky,Elektrické hračky,Zabawki elektroniczne,Elektronické hračky,Elektrické hračky,Zabawki elektroniczne,Elektronické hračky,Elektrické hračky,,,
SUB_20008_06,SUB_20008,Children´s vehicles,Children´s vehicles,Children´s vehicles,Children´s vehicles,1,1,1,1,0,1,,Catalog (default),,Pojazdy dziecięce,Dětská vozítka,Detské vozidlá,Pojazdy dziecięce,Dětská vozítka,Detské vozidlá,Pojazdy dziecięce,Dětská vozítka,Detské vozidlá,Pojazdy dziecięce,Dětská vozítka,Detské vozidlá,,,
SUB_20008_07,SUB_20008,Game & action figures,Game & action figures,Game & action figures,Game & action figures,1,1,1,1,0,1,,Catalog (default),,Gry i figurki akcji,Figurky na hraní & Akční figurky,Hry & Akčné figúrky,Gry i figurki akcji,Figurky na hraní & Akční figurky,Hry & Akčné figúrky,Gry i figurki akcji,Figurky na hraní & Akční figurky,Hry & Akčné figúrky,Gry i figurki akcji,Figurky na hraní & Akční figurky,Hry & Akčné figúrky,,,
SUB_20008_08,SUB_20008,Construction kits / building blocks,Construction kits / building blocks,Construction kits / building blocks,Construction kits / building blocks,1,1,1,1,0,1,,Catalog (default),,Zestawy budowlane / klocki,Stavebnice / Stavebnicové kostky,Stavebnice,Zestawy budowlane / klocki,Stavebnice / Stavebnicové kostky,Stavebnice,Zestawy budowlane / klocki,Stavebnice / Stavebnicové kostky,Stavebnice,Zestawy budowlane / klocki,Stavebnice / Stavebnicové kostky,Stavebnice,,,
SUB_20008_09,SUB_20008,Racetrack,Racetrack,Racetrack,Racetrack,1,1,1,1,0,1,,Catalog (default),,Tor wyścigowy,Autodráhy,Závodná dráha,Tor wyścigowy,Autodráhy,Závodná dráha,Tor wyścigowy,Autodráhy,Závodná dráha,Tor wyścigowy,Autodráhy,Závodná dráha,,,
SUB_20008_10,SUB_20008,Painting & handicrafts,Painting & handicrafts,Painting & handicrafts,Painting & handicrafts,1,1,1,1,0,1,,Catalog (default),,Malarstwo i rękodzieło,Malování & Tvoření,Maľovanie a ručné práce,Malarstwo i rękodzieło,Malování & Tvoření,Maľovanie a ručné práce,Malarstwo i rękodzieło,Malování & Tvoření,Maľovanie a ručné práce,Malarstwo i rękodzieło,Malování & Tvoření,Maľovanie a ručné práce,,,
SUB_20008_11,SUB_20008,Stuffed animals,Stuffed animals,Stuffed animals,Stuffed animals,1,1,1,1,0,1,,Catalog (default),,Zabawki pluszowe,Plyšová zvířátka,Plyšové hračky,Zabawki pluszowe,Plyšová zvířátka,Plyšové hračky,Zabawki pluszowe,Plyšová zvířátka,Plyšové hračky,Zabawki pluszowe,Plyšová zvířátka,Plyšové hračky,,,
MC_30001,shop,Health & Beauty,Health & Beauty,Health & Beauty,Health & Beauty,1,1,1,1,0,1,,Catalog (default),,Zdrowie i uroda,Krása & Zdraví,Zdravie & Krása,Zdrowie i uroda,Krása & Zdraví,Zdravie & Krása,Zdrowie i uroda,Krása & Zdraví,Zdravie & Krása,Zdrowie i uroda,Krása & Zdraví,Zdravie & Krása,,,
SUB_30001,MC_30001,Household Items,Household Items,Household Items,Household Items,1,1,1,1,0,1,,Catalog (default),,Artykuły gospodarstwa domowego,Potřeby pro domácnost,Domáce potreby,Artykuły gospodarstwa domowego,Potřeby pro domácnost,Domáce potreby,Artykuły gospodarstwa domowego,Potřeby pro domácnost,Domáce potreby,Artykuły gospodarstwa domowego,Potřeby pro domácnost,Domáce potreby,,,
SUB_30002,MC_30001,Contact Lenses & Glasses,Contact Lenses & Glasses,Contact Lenses & Glasses,Contact Lenses & Glasses,1,1,1,1,0,1,,Catalog (default),,Soczewki kontaktowe i okulary,Kontaktní čočky & Brýle,Kontaktné šošovky & Okuliare,Soczewki kontaktowe i okulary,Kontaktní čočky & Brýle,Kontaktné šošovky & Okuliare,Soczewki kontaktowe i okulary,Kontaktní čočky & Brýle,Kontaktné šošovky & Okuliare,Soczewki kontaktowe i okulary,Kontaktní čočky & Brýle,Kontaktné šošovky & Okuliare,,,
SUB_30003,MC_30001,Cosmetics & Fragrances,Cosmetics & Fragrances,Cosmetics & Fragrances,Cosmetics & Fragrances,1,1,1,1,0,1,,Catalog (default),,Kosmetyki i zapachy,Kosmetika & Vůně,Kozmetika & Vône,Kosmetyki i zapachy,Kosmetika & Vůně,Kozmetika & Vône,Kosmetyki i zapachy,Kosmetika & Vůně,Kozmetika & Vône,Kosmetyki i zapachy,Kosmetika & Vůně,Kozmetika & Vône,,,
SUB_30003_01,SUB_30003,Women´s fragrances,Women´s fragrances,Women´s fragrances,Women´s fragrances,1,1,1,1,0,1,,Catalog (default),,Zapachy damskie,Dámské vůně,Dámske vône,Zapachy damskie,Dámské vůně,Dámske vône,Zapachy damskie,Dámské vůně,Dámske vône,Zapachy damskie,Dámské vůně,Dámske vône,,,
SUB_30003_02,SUB_30003,Men´s fragrances,Men´s fragrances,Men´s fragrances,Men´s fragrances,1,1,1,1,0,1,,Catalog (default),,Zapachy męskie,Pánské vůně,Pánske vône,Zapachy męskie,Pánské vůně,Pánske vône,Zapachy męskie,Pánské vůně,Pánske vône,Zapachy męskie,Pánské vůně,Pánske vône,,,
SUB_30004,MC_30001,Body Hygiene & Care,Body Hygiene & Care,Body Hygiene & Care,Body Hygiene & Care,1,1,1,1,0,1,,Catalog (default),,Higiena i pielęgnacja ciała,Hygiena & Péče o tělo,Hygiena & Starostlivosť o telo,Higiena i pielęgnacja ciała,Hygiena & Péče o tělo,Hygiena & Starostlivosť o telo,Higiena i pielęgnacja ciała,Hygiena & Péče o tělo,Hygiena & Starostlivosť o telo,Higiena i pielęgnacja ciała,Hygiena & Péče o tělo,Hygiena & Starostlivosť o telo,,,
SUB_30004_01,SUB_30004,Shower & bath products,Shower & bath products,Shower & bath products,Shower & bath products,1,1,1,1,0,1,,Catalog (default),,Produkty pod prysznic i do kąpieli,Sprchové gely & Přípravky do koupele,Výrobky do sprchy a kúpeľa,Produkty pod prysznic i do kąpieli,Sprchové gely & Přípravky do koupele,Výrobky do sprchy a kúpeľa,Produkty pod prysznic i do kąpieli,Sprchové gely & Přípravky do koupele,Výrobky do sprchy a kúpeľa,Produkty pod prysznic i do kąpieli,Sprchové gely & Přípravky do koupele,Výrobky do sprchy a kúpeľa,,,
SUB_30004_02,SUB_30004,Deodorants,Deodorants,Deodorants,Deodorants,1,1,1,1,0,1,,Catalog (default),,Dezodoranty,Deodoranty,Deodoranty,Dezodoranty,Deodoranty,Deodoranty,Dezodoranty,Deodoranty,Deodoranty,Dezodoranty,Deodoranty,Deodoranty,,,
SUB_30004_03,SUB_30004,Sun Care,Sun Care,Sun Care,Sun Care,1,1,1,1,0,1,,Catalog (default),,Ochrona przeciwsłoneczna,Přípravky na opalování,Slnečná starostlivosť,Ochrona przeciwsłoneczna,Přípravky na opalování,Slnečná starostlivosť,Ochrona przeciwsłoneczna,Přípravky na opalování,Slnečná starostlivosť,Ochrona przeciwsłoneczna,Přípravky na opalování,Slnečná starostlivosť,,,
SUB_30004_04,SUB_30004,Dental Care,Dental Care,Dental Care,Dental Care,1,1,1,1,0,1,,Catalog (default),,Pielęgnacja zębów,Péče o zuby,Zubná starostlivosť,Pielęgnacja zębów,Péče o zuby,Zubná starostlivosť,Pielęgnacja zębów,Péče o zuby,Zubná starostlivosť,Pielęgnacja zębów,Péče o zuby,Zubná starostlivosť,,,
SUB_30005,MC_30001,Love & Contraception,Love & Contraception,Love & Contraception,Love & Contraception,1,1,1,1,0,1,,Catalog (default),,Miłość i antykoncepcja,Láska & Antikoncepce,Láska & Antikoncepcia,Miłość i antykoncepcja,Láska & Antikoncepce,Láska & Antikoncepcia,Miłość i antykoncepcja,Láska & Antikoncepce,Láska & Antikoncepcia,Miłość i antykoncepcja,Láska & Antikoncepce,Láska & Antikoncepcia,,,
SUB_30006,MC_30001,Medicine & Food Supplements,Medicine & Food Supplements,Medicine & Food Supplements,Medicine & Food Supplements,1,1,1,1,0,1,,Catalog (default),,Medycyna i suplementy diety,Léky & Výživové doplňky,Lieky & Výživové doplnky,Medycyna i suplementy diety,Léky & Výživové doplňky,Lieky & Výživové doplnky,Medycyna i suplementy diety,Léky & Výživové doplňky,Lieky & Výživové doplnky,Medycyna i suplementy diety,Léky & Výživové doplňky,Lieky & Výživové doplnky,,,
SUB_30007,MC_30001,Medical supplies & clinic supplies,Medical supplies & clinic supplies,Medical supplies & clinic supplies,Medical supplies & clinic supplies,1,1,1,1,0,1,,Catalog (default),,Produkty medyczne i artykuły szpitalne,Potřeby pro zdravotníky a lékaře,Lekárske doplnky,Produkty medyczne i artykuły szpitalne,Potřeby pro zdravotníky a lékaře,Lekárske doplnky,Produkty medyczne i artykuły szpitalne,Potřeby pro zdravotníky a lékaře,Lekárske doplnky,Produkty medyczne i artykuły szpitalne,Potřeby pro zdravotníky a lékaře,Lekárske doplnky,,,
MC_40001,shop,"Books, Movies, TV Shows & Music","Books, Movies, TV Shows & Music","Books, Movies, TV Shows & Music","Books, Movies, TV Shows & Music",1,1,1,1,0,1,,Catalog (default),,"Książki, filmy, programy TV i muzyka","Knihy, Filmy, Seriály & Hudba","Knihy, Filmy, Seriály & Hudba","Książki, filmy, programy TV i muzyka","Knihy, Filmy, Seriály & Hudba","Knihy, Filmy, Seriály & Hudba","Książki, filmy, programy TV i muzyka","Knihy, Filmy, Seriály & Hudba","Knihy, Filmy, Seriály & Hudba","Książki, filmy, programy TV i muzyka","Knihy, Filmy, Seriály & Hudba","Knihy, Filmy, Seriály & Hudba",,,
SUB_40001,MC_40001,Books,Books,Books,Books,1,1,1,1,0,1,,Catalog (default),,Książki,Knihy,Knihy,Książki,Knihy,Knihy,Książki,Knihy,Knihy,Książki,Knihy,Knihy,,,
SUB_40002,MC_40001,Audio Books,Audio Books,Audio Books,Audio Books,1,1,1,1,0,1,,Catalog (default),,Audiobooki,Sluchátka,Audioknihy,Audiobooki,Sluchátka,Audioknihy,Audiobooki,Sluchátka,Audioknihy,Audiobooki,Sluchátka,Audioknihy,,,
SUB_40003,MC_40001,Calendar,Calendar,Calendar,Calendar,1,1,1,1,0,1,,Catalog (default),,Kalendarze,Kalendáře,Kalendár,Kalendarze,Kalendáře,Kalendár,Kalendarze,Kalendáře,Kalendár,Kalendarze,Kalendáře,Kalendár,,,
SUB_40004,MC_40001,Movies,Movies,Movies,Movies,1,1,1,1,0,1,,Catalog (default),,Filmy,Filmy,Filmy,Filmy,Filmy,Filmy,Filmy,Filmy,Filmy,Filmy,Filmy,Filmy,,,
SUB_40005,MC_40001,TV Series,TV Series,TV Series,TV Series,1,1,1,1,0,1,,Catalog (default),,Programy TV,TV seriály,TV Seriály,Programy TV,TV seriály,TV Seriály,Programy TV,TV seriály,TV Seriály,Programy TV,TV seriály,TV Seriály,,,
SUB_40006,MC_40001,Music,Music,Music,Music,1,1,1,1,0,1,,Catalog (default),,Muzyka,Hudba,Hudba,Muzyka,Hudba,Hudba,Muzyka,Hudba,Hudba,Muzyka,Hudba,Hudba,,,
MC_50001,shop,Office Supplies & Stationery,Office Supplies & Stationery,Office Supplies & Stationery,Office Supplies & Stationery,1,1,1,1,0,1,,Catalog (default),,Artykuły biurowe i artykuły papiernicze,Kancelářské potřeby & Psací potřeby,Kancelárske potreby & Papiernictvo,Artykuły biurowe i artykuły papiernicze,Kancelářské potřeby & Psací potřeby,Kancelárske potreby & Papiernictvo,Artykuły biurowe i artykuły papiernicze,Kancelářské potřeby & Psací potřeby,Kancelárske potreby & Papiernictvo,Artykuły biurowe i artykuły papiernicze,Kancelářské potřeby & Psací potřeby,Kancelárske potreby & Papiernictvo,,,
SUB_50001,MC_50001,Office equipment,Office equipment,Office equipment,Office equipment,1,1,1,1,0,1,,Catalog (default),,Wyposażenie biura,Vybavení kanceláře,Kancelárska technika,Wyposażenie biura,Vybavení kanceláře,Kancelárska technika,Wyposażenie biura,Vybavení kanceláře,Kancelárska technika,Wyposażenie biura,Vybavení kanceláře,Kancelárska technika,,,
SUB_50002,MC_50001,Office organization,Office organization,Office organization,Office organization,1,1,1,1,0,1,,Catalog (default),,Organizacja biura,Organizace kanceláře,Kancelária,Organizacja biura,Organizace kanceláře,Kancelária,Organizacja biura,Organizace kanceláře,Kancelária,Organizacja biura,Organizace kanceláře,Kancelária,,,
SUB_50003,MC_50001,Gift Boxes & Gift Cards,Gift Boxes & Gift Cards,Gift Boxes & Gift Cards,Gift Boxes & Gift Cards,1,1,1,1,0,1,,Catalog (default),,Opakowania i kartki prezentowe,Dárkové obaly & Dárkové kartičky,Darčekové škatuľky & Darčekové poukážky,Opakowania i kartki prezentowe,Dárkové obaly & Dárkové kartičky,Darčekové škatuľky & Darčekové poukážky,Opakowania i kartki prezentowe,Dárkové obaly & Dárkové kartičky,Darčekové škatuľky & Darčekové poukážky,Opakowania i kartki prezentowe,Dárkové obaly & Dárkové kartičky,Darčekové škatuľky & Darčekové poukážky,,,
SUB_50004,MC_50001,Painting & Handicraft supplies,Painting & Handicraft supplies,Painting & Handicraft supplies,Painting & Handicraft supplies,1,1,1,1,0,1,,Catalog (default),,Materiały do malowania i rękodzieła,Potřeby na malování & Tvoření,Maliarske & Remeselné potreby,Materiały do malowania i rękodzieła,Potřeby na malování & Tvoření,Maliarske & Remeselné potreby,Materiały do malowania i rękodzieła,Potřeby na malování & Tvoření,Maliarske & Remeselné potreby,Materiały do malowania i rękodzieła,Potřeby na malování & Tvoření,Maliarske & Remeselné potreby,,,
SUB_50005,MC_50001,Stationery,Stationery,Stationery,Stationery,1,1,1,1,0,1,,Catalog (default),,Artykuły biurowe,Papírnické zboží,Papiernictvo,Artykuły biurowe,Papírnické zboží,Papiernictvo,Artykuły biurowe,Papírnické zboží,Papiernictvo,Artykuły biurowe,Papírnické zboží,Papiernictvo,,,
SUB_50006,MC_50001,Presentation Accessories,Presentation Accessories,Presentation Accessories,Presentation Accessories,1,1,1,1,0,1,,Catalog (default),,Akcesoria do prezentacji,Prezentační potřeby,Príslušenstvo k prezentáciám,Akcesoria do prezentacji,Prezentační potřeby,Príslušenstvo k prezentáciám,Akcesoria do prezentacji,Prezentační potřeby,Príslušenstvo k prezentáciám,Akcesoria do prezentacji,Prezentační potřeby,Príslušenstvo k prezentáciám,,,
SUB_50007,MC_50001,"Scissors, Staplers & Glue","Scissors, Staplers & Glue","Scissors, Staplers & Glue","Scissors, Staplers & Glue",1,1,1,1,0,1,,Catalog (default),,"Nożyczki, zszywacze i kleje","Nůžky, Sešívačky & Lepidla","Nožnice, Zošívačky & Lepidlo","Nożyczki, zszywacze i kleje","Nůžky, Sešívačky & Lepidla","Nožnice, Zošívačky & Lepidlo","Nożyczki, zszywacze i kleje","Nůžky, Sešívačky & Lepidla","Nožnice, Zošívačky & Lepidlo","Nożyczki, zszywacze i kleje","Nůžky, Sešívačky & Lepidla","Nožnice, Zošívačky & Lepidlo",,,
SUB_50008,MC_50001,Schreibwaren,Stationery,Stationery,Stationery,1,1,1,1,0,1,,Catalog (default),,Artykuły piśmiennicze,Psací potřeby,Papiernictvo,Artykuły piśmiennicze,Psací potřeby,Papiernictvo,Artykuły piśmiennicze,Psací potřeby,Papiernictvo,Artykuły piśmiennicze,Psací potřeby,Papiernictvo,,,
SUB_50009,MC_50001,School supplies,School supplies,School supplies,School supplies,1,1,1,1,0,1,,Catalog (default),,Przybory szkolne,Školní potřeby,Školské potreby,Przybory szkolne,Školní potřeby,Školské potreby,Przybory szkolne,Školní potřeby,Školské potreby,Przybory szkolne,Školní potřeby,Školské potreby,,,
SUB_50010,MC_50001,Technical Drawing,Technical Drawing,Technical Drawing,Technical Drawing,1,1,1,1,0,1,,Catalog (default),,Rysunek techniczny,Technické výkresy,Technické kreslenie,Rysunek techniczny,Technické výkresy,Technické kreslenie,Rysunek techniczny,Technické výkresy,Technické kreslenie,Rysunek techniczny,Technické výkresy,Technické kreslenie,,,
SUB_50011,MC_50001,Packing & Shipping,Packing & Shipping,Packing & Shipping,Packing & Shipping,1,1,1,1,0,1,,Catalog (default),,Pakowanie i wysyłka,Balení & Zasílání,Balenie & Preprava,Pakowanie i wysyłka,Balení & Zasílání,Balenie & Preprava,Pakowanie i wysyłka,Balení & Zasílání,Balenie & Preprava,Pakowanie i wysyłka,Balení & Zasílání,Balenie & Preprava,,,
MC_60001,shop,Electronics,Electronics,Electronics,Electronics,1,1,1,1,0,1,,Catalog (default),,Elektronika,Elektronika,Elektronika,Elektronika,Elektronika,Elektronika,Elektronika,Elektronika,Elektronika,Elektronika,Elektronika,Elektronika,,,
SUB_60001,MC_60001,Accumulators & Batteries,Accumulators & Batteries,Accumulators & Batteries,Accumulators & Batteries,1,1,1,1,0,1,,Catalog (default),,Akumulatory i baterie,Akumulátory & Baterie,Akumulátory & Batérie,Akumulatory i baterie,Akumulátory & Baterie,Akumulátory & Batérie,Akumulatory i baterie,Akumulátory & Baterie,Akumulátory & Batérie,Akumulatory i baterie,Akumulátory & Baterie,Akumulátory & Batérie,,,
SUB_60002,MC_60001,Computer,Computer,Computer,Computer,1,1,1,1,0,1,,Catalog (default),,Komputery,Počítače,Počítač,Komputery,Počítače,Počítač,Komputery,Počítače,Počítač,Komputery,Počítače,Počítač,,,
SUB_60002_01,SUB_60002,Notebook,Notebook,Notebook,Notebook,1,1,1,1,0,1,,Catalog (default),,Notebooki,Notebooky,Notebook,Notebooki,Notebooky,Notebook,Notebooki,Notebooky,Notebook,Notebooki,Notebooky,Notebook,,,
SUB_60002_02,SUB_60002,Tablet,Tablet,Tablet,Tablet,1,1,1,1,0,1,,Catalog (default),,Tablety,Tablety,Tablet,Tablety,Tablety,Tablet,Tablety,Tablety,Tablet,Tablety,Tablety,Tablet,,,
SUB_60002_03,SUB_60002,Monitors,Monitors,Monitors,Monitors,1,1,1,1,0,1,,Catalog (default),,Monitory,Monitory,Monitor,Monitory,Monitory,Monitor,Monitory,Monitory,Monitor,Monitory,Monitory,Monitor,,,
SUB_60002_04,SUB_60002,IT,IT,IT,IT,1,1,1,1,0,1,,Catalog (default),,IT,IT,IT,IT,IT,IT,IT,IT,IT,IT,IT,IT,,,
SUB_60002_05,SUB_60002,Computer Accessories,Computer Accessories,Computer Accessories,Computer Accessories,1,1,1,1,0,1,,Catalog (default),,Akcesoria komputerowe,Počítačové příslušenství,Počítačové doplnky,Akcesoria komputerowe,Počítačové příslušenství,Počítačové doplnky,Akcesoria komputerowe,Počítačové příslušenství,Počítačové doplnky,Akcesoria komputerowe,Počítačové příslušenství,Počítačové doplnky,,,
SUB_60003,MC_60001,Printer & Scanner,Printer & Scanner,Printer & Scanner,Printer & Scanner,1,1,1,1,0,1,,Catalog (default),,Drukarki i skanery,Tiskárny & Skenery,Tlačiareň & Skener,Drukarki i skanery,Tiskárny & Skenery,Tlačiareň & Skener,Drukarki i skanery,Tiskárny & Skenery,Tlačiareň & Skener,Drukarki i skanery,Tiskárny & Skenery,Tlačiareň & Skener,,,
SUB_60004,MC_60001,E-Book-Reader,E-Book-Reader,E-Book-Reader,E-Book-Reader,1,1,1,1,0,1,,Catalog (default),,Czytniki E-booków,Čtečky E-knih,Čítačka na E-Book,Czytniki E-booków,Čtečky E-knih,Čítačka na E-Book,Czytniki E-booków,Čtečky E-knih,Čítačka na E-Book,Czytniki E-booków,Čtečky E-knih,Čítačka na E-Book,,,
SUB_60005,MC_60001,Photography & Videography,Photography & Videography,Photography & Videography,Photography & Videography,1,1,1,1,0,1,,Catalog (default),,Fotografia i filmowanie,Fotografie & Videografie,Fotografia & Videografia,Fotografia i filmowanie,Fotografie & Videografie,Fotografia & Videografia,Fotografia i filmowanie,Fotografie & Videografie,Fotografia & Videografia,Fotografia i filmowanie,Fotografie & Videografie,Fotografia & Videografia,,,
SUB_60006,MC_60001,Gaming & electronic toys,Gaming & electronic toys,Gaming & electronic toys,Gaming & electronic toys,1,1,1,1,0,1,,Catalog (default),,Gry i zabawki elektroniczne,PC hry & Elektronické hry,Herné & Elektronické hračky,Gry i zabawki elektroniczne,PC hry & Elektronické hry,Herné & Elektronické hračky,Gry i zabawki elektroniczne,PC hry & Elektronické hry,Herné & Elektronické hračky,Gry i zabawki elektroniczne,PC hry & Elektronické hry,Herné & Elektronické hračky,,,
SUB_60006_01,SUB_60006,Microsoft,Microsoft,Microsoft,Microsoft,1,1,1,1,0,1,,Catalog (default),,Microsoft,Microsoft,Microsoft,Microsoft,Microsoft,Microsoft,Microsoft,Microsoft,Microsoft,Microsoft,Microsoft,Microsoft,,,
SUB_60006_02,SUB_60006,Nintendo,Nintendo,Nintendo,Nintendo,1,1,1,1,0,1,,Catalog (default),,Nintendo,Nintendo,Nintendo,Nintendo,Nintendo,Nintendo,Nintendo,Nintendo,Nintendo,Nintendo,Nintendo,Nintendo,,,
SUB_60006_03,SUB_60006,Sony,Sony,Sony,Sony,1,1,1,1,0,1,,Catalog (default),,Sony,Sony,Sony,Sony,Sony,Sony,Sony,Sony,Sony,Sony,Sony,Sony,,,
SUB_60006_04,SUB_60006,Gaming Accessories,Gaming Accessories,Gaming Accessories,Gaming Accessories,1,1,1,1,0,1,,Catalog (default),,Akcesoria gamingowe,Herní příslušenství,Herné doplnky,Akcesoria gamingowe,Herní příslušenství,Herné doplnky,Akcesoria gamingowe,Herní příslušenství,Herné doplnky,Akcesoria gamingowe,Herní příslušenství,Herné doplnky,,,
SUB_60007,MC_60001,Household Electronics,Household Electronics,Household Electronics,Household Electronics,1,1,1,1,0,1,,Catalog (default),,Elektronika domowa,Domácí elektronika,Domáca elektronika,Elektronika domowa,Domácí elektronika,Domáca elektronika,Elektronika domowa,Domácí elektronika,Domáca elektronika,Elektronika domowa,Domácí elektronika,Domáca elektronika,,,
SUB_60007_01,SUB_60007,Kitchen Appliances,Kitchen Appliances,Kitchen Appliances,Kitchen Appliances,1,1,1,1,0,1,,Catalog (default),,Urządzenia kuchenne,Kuchyňské spotřebiče,Kuchynské potreby,Urządzenia kuchenne,Kuchyňské spotřebiče,Kuchynské potreby,Urządzenia kuchenne,Kuchyňské spotřebiče,Kuchynské potreby,Urządzenia kuchenne,Kuchyňské spotřebiče,Kuchynské potreby,,,
SUB_60007_02,SUB_60007,Large electrical appliances,Large electrical appliances,Large electrical appliances,Large electrical appliances,1,1,1,1,0,1,,Catalog (default),,Duże AGD,Velké elektrospotřebiče,Veľké elektrické spotrebiče,Duże AGD,Velké elektrospotřebiče,Veľké elektrické spotrebiče,Duże AGD,Velké elektrospotřebiče,Veľké elektrické spotrebiče,Duże AGD,Velké elektrospotřebiče,Veľké elektrické spotrebiče,,,
SUB_60007_03,SUB_60007,Domestic Appliances,Domestic Appliances,Domestic Appliances,Domestic Appliances,1,1,1,1,0,1,,Catalog (default),,Sprzęt AGD,Domácí spotřebiče,Domáce spotrebiče,Sprzęt AGD,Domácí spotřebiče,Domáce spotrebiče,Sprzęt AGD,Domácí spotřebiče,Domáce spotrebiče,Sprzęt AGD,Domácí spotřebiče,Domáce spotrebiče,,,
SUB_60007_04,SUB_60007,Making Coffee,Making Coffee,Making Coffee,Making Coffee,1,1,1,1,0,1,,Catalog (default),,Przyrządzanie kawy,Příprava kávy,Príprava kávy,Przyrządzanie kawy,Příprava kávy,Príprava kávy,Przyrządzanie kawy,Příprava kávy,Príprava kávy,Przyrządzanie kawy,Příprava kávy,Príprava kávy,,,
SUB_60008,MC_60001,"HiFi, TV, Video & Audio","HiFi, TV, Video & Audio","HiFi, TV, Video & Audio","HiFi, TV, Video & Audio",1,1,1,1,0,1,,Catalog (default),,"HiFi, TV, Video & Audio","HiFi, TV, Video & Audio","HiFi, TV, Video & Audio","HiFi, TV, Video & Audio","HiFi, TV, Video & Audio","HiFi, TV, Video & Audio","HiFi, TV, Video & Audio","HiFi, TV, Video & Audio","HiFi, TV, Video & Audio","HiFi, TV, Video & Audio","HiFi, TV, Video & Audio","HiFi, TV, Video & Audio",,,
SUB_60008_01,SUB_60008,Hifi & Audio,Hifi & Audio,Hifi & Audio,Hifi & Audio,1,1,1,1,0,1,,Catalog (default),,Hifi & Audio,Hifi & Audio,Hifi & Audio,Hifi & Audio,Hifi & Audio,Hifi & Audio,Hifi & Audio,Hifi & Audio,Hifi & Audio,Hifi & Audio,Hifi & Audio,Hifi & Audio,,,
SUB_60008_02,SUB_60008,TV & Sat,TV & Sat,TV & Sat,TV & Sat,1,1,1,1,0,1,,Catalog (default),,TV & Sat,TV & Sat,TV & Sat,TV & Sat,TV & Sat,TV & Sat,TV & Sat,TV & Sat,TV & Sat,TV & Sat,TV & Sat,TV & Sat,,,
SUB_60008_03,SUB_60008,Car Hifi,Car Hifi,Car Hifi,Car Hifi,1,1,1,1,0,1,,Catalog (default),,Hifi samochodowe,Auto hifi,Auto Hifi,Hifi samochodowe,Auto hifi,Auto Hifi,Hifi samochodowe,Auto hifi,Auto Hifi,Hifi samochodowe,Auto hifi,Auto Hifi,,,
SUB_60008_04,SUB_60008,Audio accessories,Audio accessories,Audio accessories,Audio accessories,1,1,1,1,0,1,,Catalog (default),,Akcesoria audio,Audio příslušenství,Zvukové príslušenstvo,Akcesoria audio,Audio příslušenství,Zvukové príslušenstvo,Akcesoria audio,Audio příslušenství,Zvukové príslušenstvo,Akcesoria audio,Audio příslušenství,Zvukové príslušenstvo,,,
SUB_60009,MC_60001,Telecommunications & Navigation,Telecommunications & Navigation,Telecommunications & Navigation,Telecommunications & Navigation,1,1,1,1,0,1,,Catalog (default),,Telekomunikacja i nawigacja,Telekomunikace & Navigace,Telekommunikácia & Navigácia,Telekomunikacja i nawigacja,Telekomunikace & Navigace,Telekommunikácia & Navigácia,Telekomunikacja i nawigacja,Telekomunikace & Navigace,Telekommunikácia & Navigácia,Telekomunikacja i nawigacja,Telekomunikace & Navigace,Telekommunikácia & Navigácia,,,
SUB_60009_01,SUB_60009,Smartphones,Smartphones,Smartphones,Smartphones,1,1,1,1,0,1,,Catalog (default),,Smartfony,Chytré telefony,Smartfóny,Smartfony,Chytré telefony,Smartfóny,Smartfony,Chytré telefony,Smartfóny,Smartfony,Chytré telefony,Smartfóny,,,
SUB_60009_02,SUB_60009,Smartphone Accessories,Smartphone Accessories,Smartphone Accessories,Smartphone Accessories,1,1,1,1,0,1,,Catalog (default),,Akcesoria do smartfonów,Příslušenství pro chytré telefony,Doplnky k smarfónom,Akcesoria do smartfonów,Příslušenství pro chytré telefony,Doplnky k smarfónom,Akcesoria do smartfonów,Příslušenství pro chytré telefony,Doplnky k smarfónom,Akcesoria do smartfonów,Příslušenství pro chytré telefony,Doplnky k smarfónom,,,
SUB_60009_03,SUB_60009,Navigation,Navigation,Navigation,Navigation,1,1,1,1,0,1,,Catalog (default),,Nawigacja,Navigace,Navigácia,Nawigacja,Navigace,Navigácia,Nawigacja,Navigace,Navigácia,Nawigacja,Navigace,Navigácia,,,
SUB_60009_04,SUB_60009,Smartwatch,Smartwatch,Smartwatch,Smartwatch,1,1,1,1,0,1,,Catalog (default),,Smartwatch,Chytré hodinky,Smarthodinky,Smartwatch,Chytré hodinky,Smarthodinky,Smartwatch,Chytré hodinky,Smarthodinky,Smartwatch,Chytré hodinky,Smarthodinky,,,
SUB_60010,MC_60001,Electronics Accessories,Electronics Accessories,Electronics Accessories,Electronics Accessories,1,1,1,1,0,1,,Catalog (default),,Akcesoria elektroniczne,Elektronika a příslušenství,Doplnky k elektronike,Akcesoria elektroniczne,Elektronika a příslušenství,Doplnky k elektronike,Akcesoria elektroniczne,Elektronika a příslušenství,Doplnky k elektronike,Akcesoria elektroniczne,Elektronika a příslušenství,Doplnky k elektronike,,,
SUB_60011,MC_60001,Software,Software,Software,Software,1,1,1,1,0,1,,Catalog (default),,Oprogramowanie,Software,Software,Oprogramowanie,Software,Software,Oprogramowanie,Software,Software,Oprogramowanie,Software,Software,,,
SUB_60014,MC_60001,Body Care & Wellness,Body Care & Wellness,Body Care & Wellness,Body Care & Wellness,1,1,1,1,0,1,,Catalog (default),,Pielęgnacja ciała i wellness,Péče o tělo & Wellness,Starostlivosť o telo & Wellness,Pielęgnacja ciała i wellness,Péče o tělo & Wellness,Starostlivosť o telo & Wellness,Pielęgnacja ciała i wellness,Péče o tělo & Wellness,Starostlivosť o telo & Wellness,Pielęgnacja ciała i wellness,Péče o tělo & Wellness,Starostlivosť o telo & Wellness,,,
SUB_60014_01,SUB_60014,Beard trimmers & hair clippers,Beard trimmers & hair clippers,Beard trimmers & hair clippers,Beard trimmers & hair clippers,1,1,1,1,0,1,,Catalog (default),,Trymery i maszynki włosów,Zastřihovače vousů a vlasů,Zastrihávače & Fúzy,Trymery i maszynki włosów,Zastřihovače vousů a vlasů,Zastrihávače & Fúzy,Trymery i maszynki włosów,Zastřihovače vousů a vlasů,Zastrihávače & Fúzy,Trymery i maszynki włosów,Zastřihovače vousů a vlasů,Zastrihávače & Fúzy,,,
SUB_60014_02,SUB_60014,Electric toothbrushes,Electric toothbrushes,Electric toothbrushes,Electric toothbrushes,1,1,1,1,0,1,,Catalog (default),,Elektryczne szczoteczki do zębów,Elektrické zubní kartáčky,Elektrické zubné kefky,Elektryczne szczoteczki do zębów,Elektrické zubní kartáčky,Elektrické zubné kefky,Elektryczne szczoteczki do zębów,Elektrické zubní kartáčky,Elektrické zubné kefky,Elektryczne szczoteczki do zębów,Elektrické zubní kartáčky,Elektrické zubné kefky,,,
SUB_60014_03,SUB_60014,Hair care,Hair care,Hair care,Hair care,1,1,1,1,0,1,,Catalog (default),,Pielęgnacja włosów,Péče o vlasy,Starostlivosť o vlasy,Pielęgnacja włosów,Péče o vlasy,Starostlivosť o vlasy,Pielęgnacja włosów,Péče o vlasy,Starostlivosť o vlasy,Pielęgnacja włosów,Péče o vlasy,Starostlivosť o vlasy,,,
MC_70001,shop,Food & Drink,Food & Drink,Food & Drink,Food & Drink,1,1,1,1,0,1,,Catalog (default),,Jedzenie i napoje,Jídlo & Pití,Jedlo & Nápoje,Jedzenie i napoje,Jídlo & Pití,Jedlo & Nápoje,Jedzenie i napoje,Jídlo & Pití,Jedlo & Nápoje,Jedzenie i napoje,Jídlo & Pití,Jedlo & Nápoje,,,
SUB_70001,MC_70001,Beverages,Beverages,Beverages,Beverages,1,1,1,1,0,1,,Catalog (default),,Napoje,Nápoje,Nápoje,Napoje,Nápoje,Nápoje,Napoje,Nápoje,Nápoje,Napoje,Nápoje,Nápoje,,,
SUB_70001_01,SUB_70001,Alcohol,Alcohol,Alcohol,Alcohol,1,1,1,1,0,1,,Catalog (default),,Alkohol,Alkohol,Alkohol,Alkohol,Alkohol,Alkohol,Alkohol,Alkohol,Alkohol,Alkohol,Alkohol,Alkohol,,,
SUB_70001_02,SUB_70001,Alcohol-free,Alcohol-free,Alcohol-free,Alcohol-free,1,1,1,1,0,1,,Catalog (default),,Bezalkoholowe,Nealkoholické nápoje,Nealko,Bezalkoholowe,Nealkoholické nápoje,Nealko,Bezalkoholowe,Nealkoholické nápoje,Nealko,Bezalkoholowe,Nealkoholické nápoje,Nealko,,,
SUB_70002,MC_70001,Food,Food,Food,Food,1,1,1,1,0,1,,Catalog (default),,Jedzenie,Potraviny,Jedlo,Jedzenie,Potraviny,Jedlo,Jedzenie,Potraviny,Jedlo,Jedzenie,Potraviny,Jedlo,,,
SUB_70003,MC_70001,Sweets & Snacks,Sweets & Snacks,Sweets & Snacks,Sweets & Snacks,1,1,1,1,0,1,,Catalog (default),,Słodycze i przekąski,Sladkosti & Snacks,Sladkosti & Snack,Słodycze i przekąski,Sladkosti & Snacks,Sladkosti & Snack,Słodycze i przekąski,Sladkosti & Snacks,Sladkosti & Snack,Słodycze i przekąski,Sladkosti & Snacks,Sladkosti & Snack,,,
SUB_70003_01,SUB_70003,Sweet,Sweet,Sweet,Sweet,1,0,1,0,0,1,,Catalog (default),,Słodkie,Sladkosti,Sladké,Słodkie,Sladkosti,Sladké,Słodkie,Sladkosti,Sladké,Słodkie,Sladkosti,Sladké,,,
SUB_70003_02,SUB_70003,Salty,Salty,Salty,Salty,1,0,1,0,0,1,,Catalog (default),,Słone,Slané,Slané,Słone,Slané,Slané,Słone,Slané,Slané,Słone,Slané,Slané,,,
SUB_70003_03,SUB_70003,Sour,Sour,Sour,Sour,1,0,1,0,0,1,,Catalog (default),,Kwaśne,Ostatní pochutiny,Kyslé,Kwaśne,Ostatní pochutiny,Kyslé,Kwaśne,Ostatní pochutiny,Kyslé,Kwaśne,Ostatní pochutiny,Kyslé,,,
MC_80001,shop,Home & Garden,Home & Garden,Home & Garden,Home & Garden,1,1,1,1,0,1,,Catalog (default),,Dom i ogród,Dům & Zahrada,Dom & Záhrada,Dom i ogród,Dům & Zahrada,Dom & Záhrada,Dom i ogród,Dům & Zahrada,Dom & Záhrada,Dom i ogród,Dům & Zahrada,Dom & Záhrada,,,
SUB_80001,MC_80001,Bathroom,Bathroom,Bathroom,Bathroom,1,1,1,1,0,1,,Catalog (default),,łazienka,Koupelna,Kúpeľňa,łazienka,Koupelna,Kúpeľňa,łazienka,Koupelna,Kúpeľňa,łazienka,Koupelna,Kúpeľňa,,,
SUB_80002,MC_80001,Lighting,Lighting,Lighting,Lighting,1,1,1,1,0,1,,Catalog (default),,Oświetlenie,Osvětlení,Osvetlenie,Oświetlenie,Osvětlení,Osvetlenie,Oświetlenie,Osvětlení,Osvetlenie,Oświetlenie,Osvětlení,Osvetlenie,,,
SUB_80002_01,SUB_80002,Indoor lights,Indoor lights,Indoor lights,Indoor lights,1,0,1,0,0,1,,Catalog (default),,Oświetlenie wewnętrzne,Vnitřní osvětlení,Vnútorné osvetlenie,Oświetlenie wewnętrzne,Vnitřní osvětlení,Vnútorné osvetlenie,Oświetlenie wewnętrzne,Vnitřní osvětlení,Vnútorné osvetlenie,Oświetlenie wewnętrzne,Vnitřní osvětlení,Vnútorné osvetlenie,,,
SUB_80002_02,SUB_80002,Outdoor lights,Outdoor lights,Outdoor lights,Outdoor lights,1,0,1,0,0,1,,Catalog (default),,Oświetlenie zewnętrzne,Venkovní osvětlení,Vonkajšie osvetlenie,Oświetlenie zewnętrzne,Venkovní osvětlení,Vonkajšie osvetlenie,Oświetlenie zewnętrzne,Venkovní osvětlení,Vonkajšie osvetlenie,Oświetlenie zewnętrzne,Venkovní osvětlení,Vonkajšie osvetlenie,,,
SUB_80002_03,SUB_80002,Bulbs,Bulbs,Bulbs,Bulbs,1,0,1,0,0,1,,Catalog (default),,żarówki,Osvětlení,Žiarovky,żarówki,Osvětlení,Žiarovky,żarówki,Osvětlení,Žiarovky,żarówki,Osvětlení,Žiarovky,,,
SUB_80003,MC_80001,Decoration & Seasonal Items,Decoration & Seasonal Items,Decoration & Seasonal Items,Decoration & Seasonal Items,1,1,1,1,0,1,,Catalog (default),,Dekoracje i artykuły sezonowe ,Dekorace a sezonní zboží,Dekorácia & Sezónne doplnky,Dekoracje i artykuły sezonowe ,Dekorace a sezonní zboží,Dekorácia & Sezónne doplnky,Dekoracje i artykuły sezonowe ,Dekorace a sezonní zboží,Dekorácia & Sezónne doplnky,Dekoracje i artykuły sezonowe ,Dekorace a sezonní zboží,Dekorácia & Sezónne doplnky,,,
SUB_80004,MC_80001,Garden,Garden,Garden,Garden,1,1,1,1,0,1,,Catalog (default),,Ogród,Zahrada,Záhrada,Ogród,Zahrada,Záhrada,Ogród,Zahrada,Záhrada,Ogród,Zahrada,Záhrada,,,
SUB_80004_01,SUB_80004,Barbeque,Barbeque,Barbeque,Barbeque,1,1,1,1,0,1,,Catalog (default),,Grill,Grilování,Grilovanie,Grill,Grilování,Grilovanie,Grill,Grilování,Grilovanie,Grill,Grilování,Grilovanie,,,
SUB_80004_02,SUB_80004,Garden Tools,Garden Tools,Garden Tools,Garden Tools,1,1,1,1,0,1,,Catalog (default),,Narzędzia ogrodowe,Zahradní nářadí,Záhradné náradie,Narzędzia ogrodowe,Zahradní nářadí,Záhradné náradie,Narzędzia ogrodowe,Zahradní nářadí,Záhradné náradie,Narzędzia ogrodowe,Zahradní nářadí,Záhradné náradie,,,
SUB_80004_03,SUB_80004,Garden Furniture,Garden Furniture,Garden Furniture,Garden Furniture,1,1,1,1,0,1,,Catalog (default),,Meble ogrodowe,Zahradní nábytek,Záhradný nábytok,Meble ogrodowe,Zahradní nábytek,Záhradný nábytok,Meble ogrodowe,Zahradní nábytek,Záhradný nábytok,Meble ogrodowe,Zahradní nábytek,Záhradný nábytok,,,
SUB_80004_04,SUB_80004,Plants & Trees,Plants & Trees,Plants & Trees,Plants & Trees,1,1,1,1,0,1,,Catalog (default),,Rośliny i drzewa,Rostliny & Stromy,Rastliny & Stromy,Rośliny i drzewa,Rostliny & Stromy,Rastliny & Stromy,Rośliny i drzewa,Rostliny & Stromy,Rastliny & Stromy,Rośliny i drzewa,Rostliny & Stromy,Rastliny & Stromy,,,
SUB_80004_05,SUB_80004,Planting Accessories,Planting Accessories,Planting Accessories,Planting Accessories,1,1,1,1,0,1,,Catalog (default),,Akcesoria do sadzenia,Příslušenství na zahradu,Výsadbové príslušenstvo,Akcesoria do sadzenia,Příslušenství na zahradu,Výsadbové príslušenstvo,Akcesoria do sadzenia,Příslušenství na zahradu,Výsadbové príslušenstvo,Akcesoria do sadzenia,Příslušenství na zahradu,Výsadbové príslušenstvo,,,
SUB_80004_06,SUB_80004,Pool Technology,Pool Technology,Pool Technology,Pool Technology,1,1,1,1,0,1,,Catalog (default),,Technika basenowa,Bazénová technologie,Bazénová technológia,Technika basenowa,Bazénová technologie,Bazénová technológia,Technika basenowa,Bazénová technologie,Bazénová technológia,Technika basenowa,Bazénová technologie,Bazénová technológia,,,
SUB_80005,MC_80001,Household goods,Household goods,Household goods,Household goods,1,1,1,1,0,1,,Catalog (default),,AGD,Domácí potřeby,Domáce potreby,AGD,Domácí potřeby,Domáce potreby,AGD,Domácí potřeby,Domáce potreby,AGD,Domácí potřeby,Domáce potreby,,,
SUB_80006,MC_80001,Home textiles,Home textiles,Home textiles,Home textiles,1,1,1,1,0,1,,Catalog (default),,Tekstylia domowe,Domácí textil,Domáci textil,Tekstylia domowe,Domácí textil,Domáci textil,Tekstylia domowe,Domácí textil,Domáci textil,Tekstylia domowe,Domácí textil,Domáci textil,,,
SUB_80007,MC_80001,Home improvement / DIY,Home improvement / DIY,Home improvement / DIY,Home improvement / DIY,1,1,1,1,0,1,,Catalog (default),,Zrób to sam,Vše pro kutily / DIY,Vylepšenie domácnosti / DIY,Zrób to sam,Vše pro kutily / DIY,Vylepšenie domácnosti / DIY,Zrób to sam,Vše pro kutily / DIY,Vylepšenie domácnosti / DIY,Zrób to sam,Vše pro kutily / DIY,Vylepšenie domácnosti / DIY,,,
SUB_80007_01,SUB_80007,Electric Tools,Electric Tools,Electric Tools,Electric Tools,1,1,1,1,0,1,,Catalog (default),,Narzędzia elektryczne,Elektrické nářadí,Elektrické náradie,Narzędzia elektryczne,Elektrické nářadí,Elektrické náradie,Narzędzia elektryczne,Elektrické nářadí,Elektrické náradie,Narzędzia elektryczne,Elektrické nářadí,Elektrické náradie,,,
SUB_80007_02,SUB_80007,Hand Tools,Hand Tools,Hand Tools,Hand Tools,1,1,1,1,0,1,,Catalog (default),,Narzędzia ręczne,Ruční nářadí,Ručné nástroje,Narzędzia ręczne,Ruční nářadí,Ručné nástroje,Narzędzia ręczne,Ruční nářadí,Ručné nástroje,Narzędzia ręczne,Ruční nářadí,Ručné nástroje,,,
SUB_80007_03,SUB_80007,Tool Accessories,Tool Accessories,Tool Accessories,Tool Accessories,1,1,1,1,0,1,,Catalog (default),,Akcesoria do narzędzi,Příslušenství pro nářadí,Nástrojové príslušenstvo,Akcesoria do narzędzi,Příslušenství pro nářadí,Nástrojové príslušenstvo,Akcesoria do narzędzi,Příslušenství pro nářadí,Nástrojové príslušenstvo,Akcesoria do narzędzi,Příslušenství pro nářadí,Nástrojové príslušenstvo,,,
SUB_80007_04,SUB_80007,Building needs,Building needs,Building needs,Building needs,1,1,1,1,0,1,,Catalog (default),,Materiały budowlane,Stavební potřeby,Potreby na stavbu,Materiały budowlane,Stavební potřeby,Potreby na stavbu,Materiały budowlane,Stavební potřeby,Potreby na stavbu,Materiały budowlane,Stavební potřeby,Potreby na stavbu,,,
SUB_80007_05,SUB_80007,Electrics,Electrics,Electrics,Electrics,1,1,1,1,0,1,,Catalog (default),,Elektryczne,Elektrotechnika,Elektrika,Elektryczne,Elektrotechnika,Elektrika,Elektryczne,Elektrotechnika,Elektrika,Elektryczne,Elektrotechnika,Elektrika,,,
SUB_80007_06,SUB_80007,Ironmongery,Ironmongery,Ironmongery,Ironmongery,1,1,1,1,0,1,,Catalog (default),,Artykuły żelazne,Železářství,Železiarstvo,Artykuły żelazne,Železářství,Železiarstvo,Artykuły żelazne,Železářství,Železiarstvo,Artykuły żelazne,Železářství,Železiarstvo,,,
SUB_80007_07,SUB_80007,Painting & Renovating,Painting & Renovating,Painting & Renovating,Painting & Renovating,1,1,1,1,0,1,,Catalog (default),,Malowanie i renowacja,Malování & Renovace,Maľovanie & Renovácia,Malowanie i renowacja,Malování & Renovace,Maľovanie & Renovácia,Malowanie i renowacja,Malování & Renovace,Maľovanie & Renovácia,Malowanie i renowacja,Malování & Renovace,Maľovanie & Renovácia,,,
SUB_80008,MC_80001,Kitchen,Kitchen,Kitchen,Kitchen,1,1,1,1,0,1,,Catalog (default),,Kuchnia,Kuchyně,Kuchyňa,Kuchnia,Kuchyně,Kuchyňa,Kuchnia,Kuchyně,Kuchyňa,Kuchnia,Kuchyně,Kuchyňa,,,
SUB_80009,MC_80001,Indoor climate,Indoor climate,Indoor climate,Indoor climate,1,1,1,1,0,1,,Catalog (default),,Klimat w pomieszczeniu,Klimatizace,Vnútorná klíma,Klimat w pomieszczeniu,Klimatizace,Vnútorná klíma,Klimat w pomieszczeniu,Klimatizace,Vnútorná klíma,Klimat w pomieszczeniu,Klimatizace,Vnútorná klíma,,,
SUB_80010,MC_80001,Furniture,Furniture,Furniture,Furniture,1,1,1,1,0,1,,Catalog (default),,Meble,Nábytek,Nábytok,Meble,Nábytek,Nábytok,Meble,Nábytek,Nábytok,Meble,Nábytek,Nábytok,,,
SUB_80010_01,SUB_80010,Kitchen Furniture,Kitchen Furniture,Kitchen Furniture,Kitchen Furniture,1,1,1,1,0,1,,Catalog (default),,Meble kuchenne,Kuchyňský nábytek,Kuchynský nábytok,Meble kuchenne,Kuchyňský nábytek,Kuchynský nábytok,Meble kuchenne,Kuchyňský nábytek,Kuchynský nábytok,Meble kuchenne,Kuchyňský nábytek,Kuchynský nábytok,,,
SUB_80010_02,SUB_80010,Bedroom Furniture,Bedroom Furniture,Bedroom Furniture,Bedroom Furniture,1,1,1,1,0,1,,Catalog (default),,Meble sypialniane,Nábytek do ložnice,Spálňový nábytok,Meble sypialniane,Nábytek do ložnice,Spálňový nábytok,Meble sypialniane,Nábytek do ložnice,Spálňový nábytok,Meble sypialniane,Nábytek do ložnice,Spálňový nábytok,,,
SUB_80010_03,SUB_80010,Living Room Furniture,Living Room Furniture,Living Room Furniture,Living Room Furniture,1,1,1,1,0,1,,Catalog (default),,Meble do salonu,Nábytek do obývacího pokoje,Obývačkový nábytok,Meble do salonu,Nábytek do obývacího pokoje,Obývačkový nábytok,Meble do salonu,Nábytek do obývacího pokoje,Obývačkový nábytok,Meble do salonu,Nábytek do obývacího pokoje,Obývačkový nábytok,,,
SUB_80010_04,SUB_80010,Dining Room Furniture,Dining Room Furniture,Dining Room Furniture,Dining Room Furniture,1,1,1,1,0,1,,Catalog (default),,Meble do jadalni,Nábytek do jídelny,Jedálenský nábytok,Meble do jadalni,Nábytek do jídelny,Jedálenský nábytok,Meble do jadalni,Nábytek do jídelny,Jedálenský nábytok,Meble do jadalni,Nábytek do jídelny,Jedálenský nábytok,,,
SUB_80010_05,SUB_80010,Working Space Furniture,Working Space Furniture,Working Space Furniture,Working Space Furniture,1,1,1,1,0,1,,Catalog (default),,Meble do pracy,Nábytek do pracovny,Nábytok do pracovne,Meble do pracy,Nábytek do pracovny,Nábytok do pracovne,Meble do pracy,Nábytek do pracovny,Nábytok do pracovne,Meble do pracy,Nábytek do pracovny,Nábytok do pracovne,,,
SUB_80010_06,SUB_80010,Kids Room Furniture,Kids Room Furniture,Kids Room Furniture,Kids Room Furniture,1,1,1,1,0,1,,Catalog (default),,Meble do pokoju dziecięcego,Nábytek do dětského pokoje,Nábytok do detskej izby,Meble do pokoju dziecięcego,Nábytek do dětského pokoje,Nábytok do detskej izby,Meble do pokoju dziecięcego,Nábytek do dětského pokoje,Nábytok do detskej izby,Meble do pokoju dziecięcego,Nábytek do dětského pokoje,Nábytok do detskej izby,,,
SUB_80010_07,SUB_80010,Bath Furniture,Bath Furniture,Bath Furniture,Bath Furniture,1,1,1,1,0,1,,Catalog (default),,Meble łazienkowe,Koupelnový nábytek,Kúpeľňový nábytok,Meble łazienkowe,Koupelnový nábytek,Kúpeľňový nábytok,Meble łazienkowe,Koupelnový nábytek,Kúpeľňový nábytok,Meble łazienkowe,Koupelnový nábytek,Kúpeľňový nábytok,,,
SUB_80010_08,SUB_80010,Hall Furniture,Hall Furniture,Hall Furniture,Hall Furniture,1,1,1,1,0,1,,Catalog (default),,Meble do przedpokoju,Nábytek do předsíně,Predsieňový nábytok,Meble do przedpokoju,Nábytek do předsíně,Predsieňový nábytok,Meble do przedpokoju,Nábytek do předsíně,Predsieňový nábytok,Meble do przedpokoju,Nábytek do předsíně,Predsieňový nábytok,,,
MC_90001,shop,Merchandise,Merchandise,Merchandise,Merchandise,1,1,1,1,0,1,,Catalog (default),,Towar,Merchandise,Tovar,Towar,Merchandise,Tovar,Towar,Merchandise,Tovar,Towar,Merchandise,Tovar,,,
SUB_90001,MC_90001,Book world,Book world,Book world,Book world,1,1,1,1,0,1,,Catalog (default),,świat książki,Svět knih,Svet kníh,świat książki,Svět knih,Svet kníh,świat książki,Svět knih,Svet kníh,świat książki,Svět knih,Svet kníh,,,
SUB_90002,MC_90001,Film world,Film world,Film world,Film world,1,1,1,1,0,1,,Catalog (default),,świat filmu,Filmový svět,Filmový svet,świat filmu,Filmový svět,Filmový svet,świat filmu,Filmový svět,Filmový svet,świat filmu,Filmový svět,Filmový svet,,,
SUB_90003,MC_90001,Gaming World,Gaming World,Gaming World,Gaming World,1,1,1,1,0,1,,Catalog (default),,świat gier,Svět her,Herný svet,świat gier,Svět her,Herný svet,świat gier,Svět her,Herný svet,świat gier,Svět her,Herný svet,,,
SUB_90004,MC_90001,Music World,Music World,Music World,Music World,1,1,1,1,0,1,,Catalog (default),,świat muzyki,Svět hudby,Hudobný svet,świat muzyki,Svět hudby,Hudobný svet,świat muzyki,Svět hudby,Hudobný svet,świat muzyki,Svět hudby,Hudobný svet,,,
SUB_90005,MC_90001,Series world,Series world,Series world,Series world,1,1,1,1,0,1,,Catalog (default),,świat kolekcji,Svět seriálů,Svet seriálov,świat kolekcji,Svět seriálů,Svet seriálov,świat kolekcji,Svět seriálů,Svet seriálov,świat kolekcji,Svět seriálů,Svet seriálov,,,
SUB_90006,MC_90001,Fan articles,Fan articles,Fan articles,Fan articles,1,1,1,1,0,1,,Catalog (default),,Artykuły dla fanów,Zboží pro fanoušky,Zberateľské produkty,Artykuły dla fanów,Zboží pro fanoušky,Zberateľské produkty,Artykuły dla fanów,Zboží pro fanoušky,Zberateľské produkty,Artykuły dla fanów,Zboží pro fanoušky,Zberateľské produkty,,,
SUB_90006_01,SUB_90006,Kitchen Appliances,Kitchen Appliances,Kitchen Appliances,Kitchen Appliances,1,1,1,1,0,1,,Catalog (default),,myWorld,myWorld,Kuchynské spotrebiče,myWorld,myWorld,Kuchynské spotrebiče,myWorld,myWorld,Kuchynské spotrebiče,myWorld,myWorld,Kuchynské spotrebiče,,,
SUB_90006_01_01,SUB_90006_01,Lyconet,Lyconet,Lyconet,Lyconet,1,1,1,1,0,1,,Catalog (default),,Lyconet,Lyconet,Lyconet,Lyconet,Lyconet,Lyconet,Lyconet,Lyconet,Lyconet,Lyconet,Lyconet,Lyconet,,,
SUB_90006_01_01a,SUB_90006_01_01,Top-Seller,Top-Seller,Top-Seller,Top-Seller,1,0,1,0,0,1,,Catalog (default),,Top Sprzedawca,Top prodejci,Top Predávajúci,Top Sprzedawca,Top prodejci,Top Predávajúci,Top Sprzedawca,Top prodejci,Top Predávajúci,Top Sprzedawca,Top prodejci,Top Predávajúci,,,
SUB_90006_01_01b,SUB_90006_01_01,Travel,Travel,Travel,Travel,1,0,1,0,0,1,,Catalog (default),,Podróże,Cestování,Cestovanie,Podróże,Cestování,Cestovanie,Podróże,Cestování,Cestovanie,Podróże,Cestování,Cestovanie,,,
SUB_90006_01_01c,SUB_90006_01_01,Clothing,Clothing,Clothing,Clothing,1,0,1,0,0,1,,Catalog (default),,Odzież,Oblečení,Oblečenie,Odzież,Oblečení,Oblečenie,Odzież,Oblečení,Oblečenie,Odzież,Oblečení,Oblečenie,,,
SUB_90006_01_01d,SUB_90006_01_01,CFF,CFF,CFF,CFF,1,0,1,0,0,1,,Catalog (default),,CFF,CFF,CFF,CFF,CFF,CFF,CFF,CFF,CFF,CFF,CFF,CFF,,,
SUB_90006_01_01e,SUB_90006_01_01,Eventbranding,Eventbranding,Eventbranding,Eventbranding,1,0,1,0,0,1,,Catalog (default),,Eventbranding,Eventy - potřeby pro prezentaci,Eventbranding,Eventbranding,Eventy - potřeby pro prezentaci,Eventbranding,Eventbranding,Eventy - potřeby pro prezentaci,Eventbranding,Eventbranding,Eventy - potřeby pro prezentaci,Eventbranding,,,
SUB_90006_01_01f,SUB_90006_01_01,Office,Office,Office,Office,1,0,1,0,0,1,,Catalog (default),,Biuro,Office,Office,Biuro,Office,Office,Biuro,Office,Office,Biuro,Office,Office,,,
SUB_90006_01_02,SUB_90006_01,EliteClub,EliteClub,EliteClub,EliteClub,1,1,1,1,0,1,,Catalog (default),,EliteClub,EliteClub,EliteClub,EliteClub,EliteClub,EliteClub,EliteClub,EliteClub,EliteClub,EliteClub,EliteClub,EliteClub,,,
SUB_90007,MC_90001,all other worlds,all other worlds,all other worlds,all other worlds,1,1,1,1,0,1,,Catalog (default),,Wszystkie inne światy,všechny ostatní oblasti,všetky ostatné svety,Wszystkie inne światy,všechny ostatní oblasti,všetky ostatné svety,Wszystkie inne światy,všechny ostatní oblasti,všetky ostatné svety,Wszystkie inne światy,všechny ostatní oblasti,všetky ostatné svety,,,
MC_11001,shop,Fashion & Accessories,Fashion & Accessories,Fashion & Accessories,Fashion & Accessories,1,1,1,1,0,1,,Catalog (default),,Moda i akcesoria,Móda & Doplňky,Móda & Doplnky,Moda i akcesoria,Móda & Doplňky,Móda & Doplnky,Moda i akcesoria,Móda & Doplňky,Móda & Doplnky,Moda i akcesoria,Móda & Doplňky,Móda & Doplnky,,,
SUB_11001,MC_11001,Accessories,Accessories,Accessories,Accessories,1,1,1,1,0,1,,Catalog (default),,Akcesoria,Doplňky,Doplnky,Akcesoria,Doplňky,Doplnky,Akcesoria,Doplňky,Doplnky,Akcesoria,Doplňky,Doplnky,,,
SUB_11001_01,SUB_11001,Gloves,Gloves,Gloves,Gloves,1,1,1,1,0,1,,Catalog (default),,Rękawiczki,Rukavice,Rukavice,Rękawiczki,Rukavice,Rukavice,Rękawiczki,Rukavice,Rukavice,Rękawiczki,Rukavice,Rukavice,,,
SUB_11001_02,SUB_11001,Belt,Belt,Belt,Belt,1,1,1,1,0,1,,Catalog (default),,Paski,Pásky,Opasok,Paski,Pásky,Opasok,Paski,Pásky,Opasok,Paski,Pásky,Opasok,,,
SUB_11001_03,SUB_11001,Ties & Pocket Square,Ties & Pocket Square,Ties & Pocket Square,Ties & Pocket Square,1,1,1,1,0,1,,Catalog (default),,Krawaty i poszetki,Kravaty & Kapesníčky do saka,Kravaty & Vreckovky do saka,Krawaty i poszetki,Kravaty & Kapesníčky do saka,Kravaty & Vreckovky do saka,Krawaty i poszetki,Kravaty & Kapesníčky do saka,Kravaty & Vreckovky do saka,Krawaty i poszetki,Kravaty & Kapesníčky do saka,Kravaty & Vreckovky do saka,,,
SUB_11001_04,SUB_11001,Sunglasses,Sunglasses,Sunglasses,Sunglasses,1,1,1,1,0,1,,Catalog (default),,Okulary słoneczne,Sluneční brýle,Slnečné okuliare,Okulary słoneczne,Sluneční brýle,Slnečné okuliare,Okulary słoneczne,Sluneční brýle,Slnečné okuliare,Okulary słoneczne,Sluneční brýle,Slnečné okuliare,,,
SUB_11002,MC_11001,Clothing for Babies,Clothing for Babies,Clothing for Babies,Clothing for Babies,1,1,1,1,0,1,,Catalog (default),,Ubranka dla niemowląt,Dětské oblečení,Oblečenie pre bábätká,Ubranka dla niemowląt,Dětské oblečení,Oblečenie pre bábätká,Ubranka dla niemowląt,Dětské oblečení,Oblečenie pre bábätká,Ubranka dla niemowląt,Dětské oblečení,Oblečenie pre bábätká,,,
SUB_11003,MC_11001,Clothes for Women,Clothes for Women,Clothes for Women,Clothes for Women,1,1,1,1,0,1,,Catalog (default),,Odzież damska,Dámské oblečení,Oblečenie pre ženy,Odzież damska,Dámské oblečení,Oblečenie pre ženy,Odzież damska,Dámské oblečení,Oblečenie pre ženy,Odzież damska,Dámské oblečení,Oblečenie pre ženy,,,
SUB_11003_01,SUB_11003,Ladies Jackets & Coats,Ladies Jackets & Coats,Ladies Jackets & Coats,Ladies Jackets & Coats,1,1,1,1,0,1,,Catalog (default),,Kurtki i płaszcze damskie,Dámské bundy a kabáty,Dámske bundy & Kabáty,Kurtki i płaszcze damskie,Dámské bundy a kabáty,Dámske bundy & Kabáty,Kurtki i płaszcze damskie,Dámské bundy a kabáty,Dámske bundy & Kabáty,Kurtki i płaszcze damskie,Dámské bundy a kabáty,Dámske bundy & Kabáty,,,
SUB_11003_02,SUB_11003,Ladies Trousers,Ladies Trousers,Ladies Trousers,Ladies Trousers,1,1,1,1,0,1,,Catalog (default),,Spodnie damskie,Dámské kalhoty,Dámske nohavice,Spodnie damskie,Dámské kalhoty,Dámske nohavice,Spodnie damskie,Dámské kalhoty,Dámske nohavice,Spodnie damskie,Dámské kalhoty,Dámske nohavice,,,
SUB_11003_03,SUB_11003,Ladies Blouses,Ladies Blouses,Ladies Blouses,Ladies Blouses,1,1,1,1,0,1,,Catalog (default),,Bluzki damskie,Halenky,Dámske blúzky,Bluzki damskie,Halenky,Dámske blúzky,Bluzki damskie,Halenky,Dámske blúzky,Bluzki damskie,Halenky,Dámske blúzky,,,
SUB_11003_04,SUB_11003,Ladies Shirts,Ladies Shirts,Ladies Shirts,Ladies Shirts,1,1,1,1,0,1,,Catalog (default),,Koszule damskie,Dámská trika,Dámske košele,Koszule damskie,Dámská trika,Dámske košele,Koszule damskie,Dámská trika,Dámske košele,Koszule damskie,Dámská trika,Dámske košele,,,
SUB_11003_05,SUB_11003,Ladies Dresses,Ladies Dresses,Ladies Dresses,Ladies Dresses,1,1,1,1,0,1,,Catalog (default),,Sukienki,Dámské šaty,Dámske šaty,Sukienki,Dámské šaty,Dámske šaty,Sukienki,Dámské šaty,Dámske šaty,Sukienki,Dámské šaty,Dámske šaty,,,
SUB_11003_06,SUB_11003,Ladies Sweaters,Ladies Sweaters,Ladies Sweaters,Ladies Sweaters,1,1,1,1,0,1,,Catalog (default),,Swetry damskie,Dámské svetry,Dámske svetre,Swetry damskie,Dámské svetry,Dámske svetre,Swetry damskie,Dámské svetry,Dámske svetre,Swetry damskie,Dámské svetry,Dámske svetre,,,
SUB_11003_07,SUB_11003,Skirts,Skirts,Skirts,Skirts,1,1,1,1,0,1,,Catalog (default),,Spódnice,Sukně,Sukne,Spódnice,Sukně,Sukne,Spódnice,Sukně,Sukne,Spódnice,Sukně,Sukne,,,
SUB_11003_08,SUB_11003,Ladies underwear,Ladies underwear,Ladies underwear,Ladies underwear,1,1,1,1,0,1,,Catalog (default),,Bielizna damska,Dámské spodní prádlo,Dámske spodné prádlo,Bielizna damska,Dámské spodní prádlo,Dámske spodné prádlo,Bielizna damska,Dámské spodní prádlo,Dámske spodné prádlo,Bielizna damska,Dámské spodní prádlo,Dámske spodné prádlo,,,
SUB_11003_09,SUB_11003,Ladies swimwear,Ladies swimwear,Ladies swimwear,Ladies swimwear,1,1,1,1,0,1,,Catalog (default),,Stroje kąpielowe damskie,Dámské plavky,Dámske plavky,Stroje kąpielowe damskie,Dámské plavky,Dámske plavky,Stroje kąpielowe damskie,Dámské plavky,Dámske plavky,Stroje kąpielowe damskie,Dámské plavky,Dámske plavky,,,
SUB_11003_10,SUB_11003,Ladies nightwear,Ladies nightwear,Ladies nightwear,Ladies nightwear,1,1,1,1,0,1,,Catalog (default),,Bielizna nocna damska,Dámské noční prádlo,Dámske pyžamo,Bielizna nocna damska,Dámské noční prádlo,Dámske pyžamo,Bielizna nocna damska,Dámské noční prádlo,Dámske pyžamo,Bielizna nocna damska,Dámské noční prádlo,Dámske pyžamo,,,
SUB_11004,MC_11001,Clothing for Men,Clothing for Men,Clothing for Men,Clothing for Men,1,1,1,1,0,1,,Catalog (default),,Odzież męska,Pánské oblečení,Oblečenie pre pánov,Odzież męska,Pánské oblečení,Oblečenie pre pánov,Odzież męska,Pánské oblečení,Oblečenie pre pánov,Odzież męska,Pánské oblečení,Oblečenie pre pánov,,,
SUB_11004_01,SUB_11004,Jacket & Coats for men,Jacket & Coats for men,Jacket & Coats for men,Jacket & Coats for men,1,1,1,1,0,1,,Catalog (default),,Kurtki i płaszcze męskie,Pánské bundy a kabáty,Pánske bundy & Kabáty,Kurtki i płaszcze męskie,Pánské bundy a kabáty,Pánske bundy & Kabáty,Kurtki i płaszcze męskie,Pánské bundy a kabáty,Pánske bundy & Kabáty,Kurtki i płaszcze męskie,Pánské bundy a kabáty,Pánske bundy & Kabáty,,,
SUB_11004_02,SUB_11004,Pants for men,Pants for men,Pants for men,Pants for men,1,1,1,1,0,1,,Catalog (default),,Spodnie męskie,Pánské kalhoty,Pánske nohavice,Spodnie męskie,Pánské kalhoty,Pánske nohavice,Spodnie męskie,Pánské kalhoty,Pánske nohavice,Spodnie męskie,Pánské kalhoty,Pánske nohavice,,,
SUB_11004_03,SUB_11004,T-Shirts for men,T-Shirts for men,T-Shirts for men,T-Shirts for men,1,1,1,1,0,1,,Catalog (default),,Koszulki męskie,Pánská trika,Pánske tričká,Koszulki męskie,Pánská trika,Pánske tričká,Koszulki męskie,Pánská trika,Pánske tričká,Koszulki męskie,Pánská trika,Pánske tričká,,,
SUB_11004_04,SUB_11004,Shirts for men,Shirts for men,Shirts for men,Shirts for men,1,1,1,1,0,1,,Catalog (default),,Koszule męskie,Pánské košile,Pánske košele,Koszule męskie,Pánské košile,Pánske košele,Koszule męskie,Pánské košile,Pánske košele,Koszule męskie,Pánské košile,Pánske košele,,,
SUB_11004_05,SUB_11004,Sweater for men,Sweater for men,Sweater for men,Sweater for men,1,1,1,1,0,1,,Catalog (default),,Swetry męskie,Pánské svetry,Pánske svetre,Swetry męskie,Pánské svetry,Pánske svetre,Swetry męskie,Pánské svetry,Pánske svetre,Swetry męskie,Pánské svetry,Pánske svetre,,,
SUB_11004_06,SUB_11004,Underwear for men,Underwear for men,Underwear for men,Underwear for men,1,1,1,1,0,1,,Catalog (default),,Bielizna męska,Pánské spodní prádlo,Pánske spodné prádlo,Bielizna męska,Pánské spodní prádlo,Pánske spodné prádlo,Bielizna męska,Pánské spodní prádlo,Pánske spodné prádlo,Bielizna męska,Pánské spodní prádlo,Pánske spodné prádlo,,,
SUB_11004_07,SUB_11004,Swimwear for men,Swimwear for men,Swimwear for men,Swimwear for men,1,1,1,1,0,1,,Catalog (default),,Stroje kąpielowe męskie,Pánské plavky,Pánske plavky,Stroje kąpielowe męskie,Pánské plavky,Pánske plavky,Stroje kąpielowe męskie,Pánské plavky,Pánske plavky,Stroje kąpielowe męskie,Pánské plavky,Pánske plavky,,,
SUB_11004_08,SUB_11004,Sleepwear for men,Sleepwear for men,Sleepwear for men,Sleepwear for men,1,1,1,1,0,1,,Catalog (default),,Bielizna nocna męska,Pánské noční prádlo,Pánske pyžamo,Bielizna nocna męska,Pánské noční prádlo,Pánske pyžamo,Bielizna nocna męska,Pánské noční prádlo,Pánske pyžamo,Bielizna nocna męska,Pánské noční prádlo,Pánske pyžamo,,,
SUB_11004_09,SUB_11004,Suits for men,Suits for men,Suits for men,Suits for men,1,1,1,1,0,1,,Catalog (default),,Garnitury męskie,Pánské obleky,Pánske obleky,Garnitury męskie,Pánské obleky,Pánske obleky,Garnitury męskie,Pánské obleky,Pánske obleky,Garnitury męskie,Pánské obleky,Pánske obleky,,,
SUB_11005,MC_11001,Clothes for Kids,Clothes for Kids,Clothes for Kids,Clothes for Kids,1,1,1,1,0,1,,Catalog (default),,Odzież dziecięca,Oblečení pro děti,Oblečenie pre deti,Odzież dziecięca,Oblečení pro děti,Oblečenie pre deti,Odzież dziecięca,Oblečení pro děti,Oblečenie pre deti,Odzież dziecięca,Oblečení pro děti,Oblečenie pre deti,,,
SUB_11005_01,SUB_11005,Kids Jackets & Coats,Kids Jackets & Coats,Kids Jackets & Coats,Kids Jackets & Coats,1,1,1,1,0,1,,Catalog (default),,Kurtki i Płaszcze,Dětské bundy a kabáty,Detské bundy & Kabáty,Kurtki i Płaszcze,Dětské bundy a kabáty,Detské bundy & Kabáty,Kurtki i Płaszcze,Dětské bundy a kabáty,Detské bundy & Kabáty,Kurtki i Płaszcze,Dětské bundy a kabáty,Detské bundy & Kabáty,,,
SUB_11005_02,SUB_11005,Kids Pants,Kids Pants,Kids Pants,Kids Pants,1,1,1,1,0,1,,Catalog (default),,Spodnie dziecięce,Dětské kalhoty,Detské nohavice,Spodnie dziecięce,Dětské kalhoty,Detské nohavice,Spodnie dziecięce,Dětské kalhoty,Detské nohavice,Spodnie dziecięce,Dětské kalhoty,Detské nohavice,,,
SUB_11005_03,SUB_11005,Shirts for kids,Shirts for kids,Shirts for kids,Shirts for kids,1,1,1,1,0,1,,Catalog (default),,Koszule dziecięce,Dětská trička,Detské tričká,Koszule dziecięce,Dětská trička,Detské tričká,Koszule dziecięce,Dětská trička,Detské tričká,Koszule dziecięce,Dětská trička,Detské tričká,,,
SUB_11005_04,SUB_11005,Dresses for kids,Dresses for kids,Dresses for kids,Dresses for kids,1,1,1,1,0,1,,Catalog (default),,Sukienki dziecięce,Šaty pro děti,Detské šaty,Sukienki dziecięce,Šaty pro děti,Detské šaty,Sukienki dziecięce,Šaty pro děti,Detské šaty,Sukienki dziecięce,Šaty pro děti,Detské šaty,,,
SUB_11005_05,SUB_11005,Kids Sweaters,Kids Sweaters,Kids Sweaters,Kids Sweaters,1,1,1,1,0,1,,Catalog (default),,Swetry dziecięce,Dětské svetry,Detské svetre,Swetry dziecięce,Dětské svetry,Detské svetre,Swetry dziecięce,Dětské svetry,Detské svetre,Swetry dziecięce,Dětské svetry,Detské svetre,,,
SUB_11005_06,SUB_11005,Children underwear,Children underwear,Children underwear,Children underwear,1,1,1,1,0,1,,Catalog (default),,Bielizna dziecięca,Dětské spodní prádlo,Detské spodné prádlo,Bielizna dziecięca,Dětské spodní prádlo,Detské spodné prádlo,Bielizna dziecięca,Dětské spodní prádlo,Detské spodné prádlo,Bielizna dziecięca,Dětské spodní prádlo,Detské spodné prádlo,,,
SUB_11005_07,SUB_11005,Children swimwear,Children swimwear,Children swimwear,Children swimwear,1,1,1,1,0,1,,Catalog (default),,Stroje kąpielowe dziecięce,Dětské plavky,Detské plavky,Stroje kąpielowe dziecięce,Dětské plavky,Detské plavky,Stroje kąpielowe dziecięce,Dětské plavky,Detské plavky,Stroje kąpielowe dziecięce,Dětské plavky,Detské plavky,,,
SUB_11005_08,SUB_11005,Children accessories,Children accessories,Children accessories,Children accessories,1,1,1,1,0,1,,Catalog (default),,Akcesoria dziecięce,Dětské doplňky,Detské doplnky,Akcesoria dziecięce,Dětské doplňky,Detské doplnky,Akcesoria dziecięce,Dětské doplňky,Detské doplnky,Akcesoria dziecięce,Dětské doplňky,Detské doplnky,,,
SUB_11006,MC_11001,Handicrafts,Handicrafts,Handicrafts,Handicrafts,1,1,1,1,0,1,,Catalog (default),,Rękodzieło,Ruční práce,Ručné práce,Rękodzieło,Ruční práce,Ručné práce,Rękodzieło,Ruční práce,Ručné práce,Rękodzieło,Ruční práce,Ručné práce,,,
SUB_11007,MC_11001,"Suitcases, Backpacks & Bags","Suitcases, Backpacks & Bags","Suitcases, Backpacks & Bags","Suitcases, Backpacks & Bags",1,1,1,1,0,1,,Catalog (default),,"Walizki, plecaki i torby","Kufry, Batohy & Tašky","Kufre, Batohy & Tašky","Walizki, plecaki i torby","Kufry, Batohy & Tašky","Kufre, Batohy & Tašky","Walizki, plecaki i torby","Kufry, Batohy & Tašky","Kufre, Batohy & Tašky","Walizki, plecaki i torby","Kufry, Batohy & Tašky","Kufre, Batohy & Tašky",,,
SUB_11008,MC_11001,Jewelry,Jewelry,Jewelry,Jewelry,1,1,1,1,0,1,,Catalog (default),,Biżuteria,Šperky,Šperky,Biżuteria,Šperky,Šperky,Biżuteria,Šperky,Šperky,Biżuteria,Šperky,Šperky,,,
SUB_11009,MC_11001,Shoes,Shoes,Shoes,Shoes,1,1,1,1,0,1,,Catalog (default),,Buty,Obuv,Topánky,Buty,Obuv,Topánky,Buty,Obuv,Topánky,Buty,Obuv,Topánky,,,
SUB_11009_01,SUB_11009,Shoes for men,Shoes for men,Shoes for men,Shoes for men,1,1,1,1,0,1,,Catalog (default),,Obuwie męskie,Pánská obuv,Pánske topánky,Obuwie męskie,Pánská obuv,Pánske topánky,Obuwie męskie,Pánská obuv,Pánske topánky,Obuwie męskie,Pánská obuv,Pánske topánky,,,
SUB_11009_02,SUB_11009,Shoes for women,Shoes for women,Shoes for women,Shoes for women,1,1,1,1,0,1,,Catalog (default),,Obuwie damskie,Dámská obuv,Dámske topánky,Obuwie damskie,Dámská obuv,Dámske topánky,Obuwie damskie,Dámská obuv,Dámske topánky,Obuwie damskie,Dámská obuv,Dámske topánky,,,
SUB_11009_03,SUB_11009,Shoes for Kids,Shoes for Kids,Shoes for Kids,Shoes for Kids,1,1,1,1,0,1,,Catalog (default),,Obuwie dziecięce,Dětská obuv,Detské topánky,Obuwie dziecięce,Dětská obuv,Detské topánky,Obuwie dziecięce,Dětská obuv,Detské topánky,Obuwie dziecięce,Dětská obuv,Detské topánky,,,
SUB_11009_04,SUB_11009,Sneakers,Sneakers,Sneakers,Sneakers,1,1,1,1,0,1,,Catalog (default),,Sneakersy,Tenisky,Tenisky,Sneakersy,Tenisky,Tenisky,Sneakersy,Tenisky,Tenisky,Sneakersy,Tenisky,Tenisky,,,
SUB_11009_05,SUB_11009,Shoes for everyone,Shoes for everyone,Shoes for everyone,Shoes for everyone,1,1,1,1,0,1,,Catalog (default),,Buty dla każdego,Obuv pro každého,Topánky pre všetkých,Buty dla każdego,Obuv pro každého,Topánky pre všetkých,Buty dla każdego,Obuv pro každého,Topánky pre všetkých,Buty dla każdego,Obuv pro každého,Topánky pre všetkých,,,
SUB_11010,MC_11001,Watches,Watches,Watches,Watches,1,1,1,1,0,1,,Catalog (default),,Zegarki,Hodinky,Hodinky,Zegarki,Hodinky,Hodinky,Zegarki,Hodinky,Hodinky,Zegarki,Hodinky,Hodinky,,,
SUB_11011,MC_11001,Work clothing,Work clothing,Work clothing,Work clothing,1,1,1,1,0,1,,Catalog (default),,Odzież robocza,Pracovní oblečení,Pracovné oblečenie,Odzież robocza,Pracovní oblečení,Pracovné oblečenie,Odzież robocza,Pracovní oblečení,Pracovné oblečenie,Odzież robocza,Pracovní oblečení,Pracovné oblečenie,,,
SUB_11012,MC_11001,Clothing for everyone,Clothing for everyone,Clothing for everyone,Clothing for everyone,1,1,1,1,0,1,,Catalog (default),,Odzież dla każdego,Oblečení pro každého,Oblečenie pre všetkých,Odzież dla każdego,Oblečení pro každého,Oblečenie pre všetkých,Odzież dla każdego,Oblečení pro každého,Oblečenie pre všetkých,Odzież dla każdego,Oblečení pro každého,Oblečenie pre všetkých,,,
SUB_11012_01,SUB_11012,"Suits, Jackets & Coats","Suits, Jackets & Coats","Suits, Jackets & Coats","Suits, Jackets & Coats",1,1,1,1,0,1,,Catalog (default),,"Garnitury, kurtki i płaszcze","Obleky, Bundy & Kabáty","Obleky, bundy & Kabáty","Garnitury, kurtki i płaszcze","Obleky, Bundy & Kabáty","Obleky, bundy & Kabáty","Garnitury, kurtki i płaszcze","Obleky, Bundy & Kabáty","Obleky, bundy & Kabáty","Garnitury, kurtki i płaszcze","Obleky, Bundy & Kabáty","Obleky, bundy & Kabáty",,,
SUB_11012_02,SUB_11012,T-Shirts,T-Shirts,T-Shirts,T-Shirts,1,1,1,1,0,1,,Catalog (default),,T-Shirty,Trika,Tričká,T-Shirty,Trika,Tričká,T-Shirty,Trika,Tričká,T-Shirty,Trika,Tričká,,,
SUB_11012_03,SUB_11012,Shirts & Blouses,Shirts & Blouses,Shirts & Blouses,Shirts & Blouses,1,1,1,1,0,1,,Catalog (default),,Koszule i bluzki,Košile & Halenky,Košele & Blúzky,Koszule i bluzki,Košile & Halenky,Košele & Blúzky,Koszule i bluzki,Košile & Halenky,Košele & Blúzky,Koszule i bluzki,Košile & Halenky,Košele & Blúzky,,,
SUB_11012_04,SUB_11012,Sweaters & Hoodies,Sweaters & Hoodies,Sweaters & Hoodies,Sweaters & Hoodies,1,1,1,1,0,1,,Catalog (default),,Swetry i bluzy,Svetry & Mikiny s kapucí,Pulovre & Mikiny,Swetry i bluzy,Svetry & Mikiny s kapucí,Pulovre & Mikiny,Swetry i bluzy,Svetry & Mikiny s kapucí,Pulovre & Mikiny,Swetry i bluzy,Svetry & Mikiny s kapucí,Pulovre & Mikiny,,,
SUB_11012_05,SUB_11012,Dresses & Skirts,Dresses & Skirts,Dresses & Skirts,Dresses & Skirts,1,1,1,1,0,1,,Catalog (default),,Sukienki i spódnice,Šaty & Sukně,Šaty & Sukne,Sukienki i spódnice,Šaty & Sukně,Šaty & Sukne,Sukienki i spódnice,Šaty & Sukně,Šaty & Sukne,Sukienki i spódnice,Šaty & Sukně,Šaty & Sukne,,,
SUB_11012_06,SUB_11012,Underwear,Underwear,Underwear,Underwear,1,1,1,1,0,1,,Catalog (default),,Bielizna,Spodní prádlo,Spodné prádlo,Bielizna,Spodní prádlo,Spodné prádlo,Bielizna,Spodní prádlo,Spodné prádlo,Bielizna,Spodní prádlo,Spodné prádlo,,,
SUB_11012_07,SUB_11012,Swimwear,Swimwear,Swimwear,Swimwear,1,1,1,1,0,1,,Catalog (default),,Stroje kąpielowe,Plavky,Plavky,Stroje kąpielowe,Plavky,Plavky,Stroje kąpielowe,Plavky,Plavky,Stroje kąpielowe,Plavky,Plavky,,,
MC_12001,shop,Sports & Outdoor,Sports & Outdoor,Sports & Outdoor,Sports & Outdoor,1,1,1,1,0,1,,Catalog (default),,Sport i czas wolny,Sport & Volný čas,Sport & Freizeit,Sport i czas wolny,Sport & Volný čas,Sport & Freizeit,Sport i czas wolny,Sport & Volný čas,Sport & Freizeit,Sport i czas wolny,Sport & Volný čas,Sport & Freizeit,,,
SUB_12001,MC_12001,Camping,Camping,Camping,Camping,1,1,1,1,0,1,,Catalog (default),,Kamping,Camping,Kempovanie,Kamping,Camping,Kempovanie,Kamping,Camping,Kempovanie,Kamping,Camping,Kempovanie,,,
SUB_12002,MC_12001,Scooter & E-Scooter,Scooter & E-Scooter,Scooter & E-Scooter,Scooter & E-Scooter,1,1,1,1,0,1,,Catalog (default),,Hulajnogi i hulajnogi elektryczne,Skútry & Elektrické skútry,Kolobežka & E-Scooter,Hulajnogi i hulajnogi elektryczne,Skútry & Elektrické skútry,Kolobežka & E-Scooter,Hulajnogi i hulajnogi elektryczne,Skútry & Elektrické skútry,Kolobežka & E-Scooter,Hulajnogi i hulajnogi elektryczne,Skútry & Elektrické skútry,Kolobežka & E-Scooter,,,
SUB_12003,MC_12001,Bicycle world,Bicycle world,Bicycle world,Bicycle world,1,1,1,1,0,1,,Catalog (default),,świat rowerów,Svět kol,Bicyklový svet,świat rowerów,Svět kol,Bicyklový svet,świat rowerów,Svět kol,Bicyklový svet,świat rowerów,Svět kol,Bicyklový svet,,,
SUB_12003_01,SUB_12003,E-bikes,E-bikes,E-bikes,E-bikes,1,1,1,1,0,1,,Catalog (default),,Rowery elektryczne,Elektrokola,E-Bicykle,Rowery elektryczne,Elektrokola,E-Bicykle,Rowery elektryczne,Elektrokola,E-Bicykle,Rowery elektryczne,Elektrokola,E-Bicykle,,,
SUB_12003_02,SUB_12003,Mountain bikes,Mountain bikes,Mountain bikes,Mountain bikes,1,1,1,1,0,1,,Catalog (default),,Rowery górskie,Horská kola,Horské bicykle,Rowery górskie,Horská kola,Horské bicykle,Rowery górskie,Horská kola,Horské bicykle,Rowery górskie,Horská kola,Horské bicykle,,,
SUB_12003_03,SUB_12003,Citybikes,Citybikes,Citybikes,Citybikes,1,1,1,1,0,1,,Catalog (default),,Rowery miejskie,Městská kola,Mestské bicykle,Rowery miejskie,Městská kola,Mestské bicykle,Rowery miejskie,Městská kola,Mestské bicykle,Rowery miejskie,Městská kola,Mestské bicykle,,,
SUB_12003_04,SUB_12003,Children bikes,Children bikes,Children bikes,Children bikes,1,1,1,1,0,1,,Catalog (default),,Rowery dziecięce,Dětská kola,Detské bicykle,Rowery dziecięce,Dětská kola,Detské bicykle,Rowery dziecięce,Dětská kola,Detské bicykle,Rowery dziecięce,Dětská kola,Detské bicykle,,,
SUB_12003_05,SUB_12003,Bicycle accessories,Bicycle accessories,Bicycle accessories,Bicycle accessories,1,1,1,1,0,1,,Catalog (default),,Akcesoria rowerowe,Cyklo příslušenství,Doplnky na bicykle,Akcesoria rowerowe,Cyklo příslušenství,Doplnky na bicykle,Akcesoria rowerowe,Cyklo příslušenství,Doplnky na bicykle,Akcesoria rowerowe,Cyklo příslušenství,Doplnky na bicykle,,,
SUB_12004,MC_12001,GPS & Wearables,GPS & Wearables,GPS & Wearables,GPS & Wearables,1,1,1,1,0,1,,Catalog (default),,GPS i akcesoria,GPS & Wearables ,GPS & Nositeľné zariadenia,GPS i akcesoria,GPS & Wearables ,GPS & Nositeľné zariadenia,GPS i akcesoria,GPS & Wearables ,GPS & Nositeľné zariadenia,GPS i akcesoria,GPS & Wearables ,GPS & Nositeľné zariadenia,,,
SUB_12005,MC_12001,Handicrafts & Crafts,Handicrafts & Crafts,Handicrafts & Crafts,Handicrafts & Crafts,1,1,1,1,0,1,,Catalog (default),,Rękodzieło i rzemiosło,Ruční práce & Tvoření,Ručné práce & Remeslá,Rękodzieło i rzemiosło,Ruční práce & Tvoření,Ručné práce & Remeslá,Rękodzieło i rzemiosło,Ruční práce & Tvoření,Ručné práce & Remeslá,Rękodzieło i rzemiosło,Ruční práce & Tvoření,Ručné práce & Remeslá,,,
SUB_12006,MC_12001,Meditation & Esotericism,Meditation & Esotericism,Meditation & Esotericism,Meditation & Esotericism,1,1,1,1,0,1,,Catalog (default),,Medytacja i ezoteryka,Meditace & Esoterika,Meditácia & Ezoterika,Medytacja i ezoteryka,Meditace & Esoterika,Meditácia & Ezoterika,Medytacja i ezoteryka,Meditace & Esoterika,Meditácia & Ezoterika,Medytacja i ezoteryka,Meditace & Esoterika,Meditácia & Ezoterika,,,
SUB_12007,MC_12001,Musical Instruments & Accessories,Musical Instruments & Accessories,Musical Instruments & Accessories,Musical Instruments & Accessories,1,1,1,1,0,1,,Catalog (default),,Instrumenty muzyczne i akcesoria,Hudební nástroje & Příslušenství,Hudobné nástroje & Príslušenstvo,Instrumenty muzyczne i akcesoria,Hudební nástroje & Příslušenství,Hudobné nástroje & Príslušenstvo,Instrumenty muzyczne i akcesoria,Hudební nástroje & Příslušenství,Hudobné nástroje & Príslušenstvo,Instrumenty muzyczne i akcesoria,Hudební nástroje & Příslušenství,Hudobné nástroje & Príslušenstvo,,,
SUB_12008,MC_12001,Outdoor Equipment,Outdoor Equipment,Outdoor Equipment,Outdoor Equipment,1,1,1,1,0,1,,Catalog (default),,Sprzęt turystyczny,Outdoorové vybavení,Outdoorové vybavenie,Sprzęt turystyczny,Outdoorové vybavení,Outdoorové vybavenie,Sprzęt turystyczny,Outdoorové vybavení,Outdoorové vybavenie,Sprzęt turystyczny,Outdoorové vybavení,Outdoorové vybavenie,,,
SUB_12009,MC_12001,Sports & outdoor clothing,Sports & outdoor clothing,Sports & outdoor clothing,Sports & outdoor clothing,1,1,1,1,0,1,,Catalog (default),,Odzież sportowa i turystyczna,Sportovní & Outdoorové oblečení,Šport & Outdoorové oblečenie,Odzież sportowa i turystyczna,Sportovní & Outdoorové oblečení,Šport & Outdoorové oblečenie,Odzież sportowa i turystyczna,Sportovní & Outdoorové oblečení,Šport & Outdoorové oblečenie,Odzież sportowa i turystyczna,Sportovní & Outdoorové oblečení,Šport & Outdoorové oblečenie,,,
SUB_12009_01,SUB_12009,Sportswear Ladies,Sportswear Ladies,Sportswear Ladies,Sportswear Ladies,1,1,1,1,0,1,,Catalog (default),,Odzież sportowa damska,Sportovní oblečení pro ženy,Dámske športové oblečenie,Odzież sportowa damska,Sportovní oblečení pro ženy,Dámske športové oblečenie,Odzież sportowa damska,Sportovní oblečení pro ženy,Dámske športové oblečenie,Odzież sportowa damska,Sportovní oblečení pro ženy,Dámske športové oblečenie,,,
SUB_12009_02,SUB_12009,Sportswear Men,Sportswear Men,Sportswear Men,Sportswear Men,1,1,1,1,0,1,,Catalog (default),,Odzież sportowa męska,Sportovní oblečení pro muže,Pánske športové oblečenie,Odzież sportowa męska,Sportovní oblečení pro muže,Pánske športové oblečenie,Odzież sportowa męska,Sportovní oblečení pro muže,Pánske športové oblečenie,Odzież sportowa męska,Sportovní oblečení pro muže,Pánske športové oblečenie,,,
SUB_12009_03,SUB_12009,Sportswear children,Sportswear children,Sportswear children,Sportswear children,1,1,1,1,0,1,,Catalog (default),,Odzież sportowa dziecięca,Sportovní oblečení pro děti,Detské športové oblčenie,Odzież sportowa dziecięca,Sportovní oblečení pro děti,Detské športové oblčenie,Odzież sportowa dziecięca,Sportovní oblečení pro děti,Detské športové oblčenie,Odzież sportowa dziecięca,Sportovní oblečení pro děti,Detské športové oblčenie,,,
SUB_12009_04,SUB_12009,Sports shoes,Sports shoes,Sports shoes,Sports shoes,1,1,1,1,0,1,,Catalog (default),,Obuwie sportowe,Sportovní obuv,Športová obuv,Obuwie sportowe,Sportovní obuv,Športová obuv,Obuwie sportowe,Sportovní obuv,Športová obuv,Obuwie sportowe,Sportovní obuv,Športová obuv,,,
SUB_12010,MC_12001,Sports nutrition,Sports nutrition,Sports nutrition,Sports nutrition,1,1,1,1,0,1,,Catalog (default),,Odżywki dla sportowców,Sportovní výživa,Športová výživa,Odżywki dla sportowców,Sportovní výživa,Športová výživa,Odżywki dla sportowców,Sportovní výživa,Športová výživa,Odżywki dla sportowców,Sportovní výživa,Športová výživa,,,
SUB_12011,MC_12001,Sports equipment,Sports equipment,Sports equipment,Sports equipment,1,1,1,1,0,1,,Catalog (default),,Wyposażenie sportowe,Sportovní vybavení,Športové vybavenie,Wyposażenie sportowe,Sportovní vybavení,Športové vybavenie,Wyposażenie sportowe,Sportovní vybavení,Športové vybavenie,Wyposażenie sportowe,Sportovní vybavení,Športové vybavenie,,,
MC_13001,shop,Pet Supplies,Pet Supplies,Pet Supplies,Pet Supplies,1,1,1,1,0,1,,Catalog (default),,Artykuły dla zwierząt,Potřeby pro zvířata,Doplnky pre zvieratá,Artykuły dla zwierząt,Potřeby pro zvířata,Doplnky pre zvieratá,Artykuły dla zwierząt,Potřeby pro zvířata,Doplnky pre zvieratá,Artykuły dla zwierząt,Potřeby pro zvířata,Doplnky pre zvieratá,,,
SUB_13001,MC_13001,Dog supplies & accessories,Dog supplies & accessories,Dog supplies & accessories,Dog supplies & accessories,1,1,1,1,0,1,,Catalog (default),,Artykuły i akcesoria dla psów,Potřeby a doplňky pro psy,Potreby pre psa & Doplnky,Artykuły i akcesoria dla psów,Potřeby a doplňky pro psy,Potreby pre psa & Doplnky,Artykuły i akcesoria dla psów,Potřeby a doplňky pro psy,Potreby pre psa & Doplnky,Artykuły i akcesoria dla psów,Potřeby a doplňky pro psy,Potreby pre psa & Doplnky,,,
SUB_13001_01,SUB_13001,Dog food,Dog food,Dog food,Dog food,1,1,1,1,0,1,,Catalog (default),,Jedzenie dla psów,Krmení pro psy,Psie krmivo,Jedzenie dla psów,Krmení pro psy,Psie krmivo,Jedzenie dla psów,Krmení pro psy,Psie krmivo,Jedzenie dla psów,Krmení pro psy,Psie krmivo,,,
SUB_13001_02,SUB_13001,Dog toys,Dog toys,Dog toys,Dog toys,1,1,1,1,0,1,,Catalog (default),,Zabawki dla psów,Hračky pro psy,Hračky pre psa,Zabawki dla psów,Hračky pro psy,Hračky pre psa,Zabawki dla psów,Hračky pro psy,Hračky pre psa,Zabawki dla psów,Hračky pro psy,Hračky pre psa,,,
SUB_13002,MC_13001,Cat supplies & accessories,Cat supplies & accessories,Cat supplies & accessories,Cat supplies & accessories,1,1,1,1,0,1,,Catalog (default),,Artykuły i akcesoria dla kotów,Potřeby a doplňky pro kočky,Potreby pre mačku & Doplnky,Artykuły i akcesoria dla kotów,Potřeby a doplňky pro kočky,Potreby pre mačku & Doplnky,Artykuły i akcesoria dla kotów,Potřeby a doplňky pro kočky,Potreby pre mačku & Doplnky,Artykuły i akcesoria dla kotów,Potřeby a doplňky pro kočky,Potreby pre mačku & Doplnky,,,
SUB_13002_01,SUB_13002,Cat food,Cat food,Cat food,Cat food,1,1,1,1,0,1,,Catalog (default),,Jedzenie dla kotów,Krmení pro kočky,Krmivo pre mačku,Jedzenie dla kotów,Krmení pro kočky,Krmivo pre mačku,Jedzenie dla kotów,Krmení pro kočky,Krmivo pre mačku,Jedzenie dla kotów,Krmení pro kočky,Krmivo pre mačku,,,
SUB_13002_02,SUB_13002,Cat toys,Cat toys,Cat toys,Cat toys,1,1,1,1,0,1,,Catalog (default),,Zabawki dla kotów,Hračky pro kočky,Hračky pre mačku,Zabawki dla kotów,Hračky pro kočky,Hračky pre mačku,Zabawki dla kotów,Hračky pro kočky,Hračky pre mačku,Zabawki dla kotów,Hračky pro kočky,Hračky pre mačku,,,
SUB_13003,MC_13001,Aquaristics,Aquaristics,Aquaristics,Aquaristics,1,1,1,1,0,1,,Catalog (default),,Akwarystyka,Akvaristika,Akvaristika,Akwarystyka,Akvaristika,Akvaristika,Akwarystyka,Akvaristika,Akvaristika,Akwarystyka,Akvaristika,Akvaristika,,,
SUB_13004,MC_13001,Rodent supplies & small animal supplies,Rodent supplies & small animal supplies,Rodent supplies & small animal supplies,Rodent supplies & small animal supplies,1,1,1,1,0,1,,Catalog (default),,Artykuły dla gryzoni i artykuły dla małych zwierząt,Potřeby pro hlodavce a malá zvířata,Potreby pre hlodavce & malé zvieratá,Artykuły dla gryzoni i artykuły dla małych zwierząt,Potřeby pro hlodavce a malá zvířata,Potreby pre hlodavce & malé zvieratá,Artykuły dla gryzoni i artykuły dla małych zwierząt,Potřeby pro hlodavce a malá zvířata,Potreby pre hlodavce & malé zvieratá,Artykuły dla gryzoni i artykuły dla małych zwierząt,Potřeby pro hlodavce a malá zvířata,Potreby pre hlodavce & malé zvieratá,,,
SUB_13005,MC_13001,Reptiles & Amphibians,Reptiles & Amphibians,Reptiles & Amphibians,Reptiles & Amphibians,1,1,1,1,0,1,,Catalog (default),,Terrarystyka,Teraristika,Teraristika,Terrarystyka,Teraristika,Teraristika,Terrarystyka,Teraristika,Teraristika,Terrarystyka,Teraristika,Teraristika,,,
SUB_13006,MC_13001,Birds,Birds,Birds,Birds,1,1,1,1,0,1,,Catalog (default),,Ptaki,Ptáci,Vtáky,Ptaki,Ptáci,Vtáky,Ptaki,Ptáci,Vtáky,Ptaki,Ptáci,Vtáky,,,
SUB_13007,MC_13001,Horses,Horses,Horses,Horses,1,1,1,1,0,1,,Catalog (default),,Konie,Koně,Kone,Konie,Koně,Kone,Konie,Koně,Kone,Konie,Koně,Kone,,,
SUB_13008,MC_13001,Garden & Pond,Garden & Pond,Garden & Pond,Garden & Pond,1,1,1,1,0,1,,Catalog (default),,Ogród i oczko wodne,Zahrada & Zahradní jezírka,Záhrada & Rybník,Ogród i oczko wodne,Zahrada & Zahradní jezírka,Záhrada & Rybník,Ogród i oczko wodne,Zahrada & Zahradní jezírka,Záhrada & Rybník,Ogród i oczko wodne,Zahrada & Zahradní jezírka,Záhrada & Rybník,,,
MC_14001,shop,Vouchers,Vouchers,Vouchers,Vouchers,1,1,1,1,0,1,,Catalog (default),,Vouchery,Poukázky,Vouchery,Vouchery,Poukázky,Vouchery,Vouchery,Poukázky,Vouchery,Vouchery,Poukázky,Vouchery,,,
SUB_14001,MC_14001,Adventure vouchers,Adventure vouchers,Adventure vouchers,Adventure vouchers,1,0,1,0,0,1,,Catalog (default),,Vouchery prezentowe,Zážitkové poukázky,Dobrodružné vouchery,Vouchery prezentowe,Zážitkové poukázky,Dobrodružné vouchery,Vouchery prezentowe,Zážitkové poukázky,Dobrodružné vouchery,Vouchery prezentowe,Zážitkové poukázky,Dobrodružné vouchery,,,
9999999999,shop,Unsorted,Unsorted,Unsorted,Unsorted,0,0,1,0,0,1,,Catalog (default),,Nieskategoryzowane,Nezařazeno,Nezaradené,Nieskategoryzowane,Nezařazeno,Nezaradené,Nieskategoryzowane,Nezařazeno,Nezaradené,Nieskategoryzowane,Nezařazeno,Nezaradené,,,
9999999998,shop,Offers of the month,Offers of the month,Offers of the month,Offers of the month,0,0,1,0,0,1,,Catalog (default),,Oferty miesiąca,Nabídky měsíce,Ponuka mesiaca,Oferty miesiąca,Nabídky měsíce,Ponuka mesiaca,Oferty miesiąca,Nabídky měsíce,Ponuka mesiaca,Oferty miesiąca,Nabídky měsíce,Ponuka mesiaca,,,
9999999997,shop,offline / deactivated,offline / deactivated,offline / deactivated,offline / deactivated,0,0,1,0,0,1,,Catalog (default),,offline / dezaktywowany,offline / deaktivováno,offline / deaktivované,offline / dezaktywowany,offline / deaktivováno,offline / deaktivované,offline / dezaktywowany,offline / deaktivováno,offline / deaktivované,offline / dezaktywowany,offline / deaktivováno,offline / deaktivované,,,
SUB_60006_04b,SUB_60006,PC Gaming Accessories,PC Gaming Accessories,PC Gaming Accessories,PC Gaming Accessories,0,0,1,0,0,1,,Catalog (default),,Akcesoria do gier PC,PC Gaming Accessories,PC Gaming Accessories,Akcesoria do gier PC,PC Gaming Accessories,PC Gaming Accessories,Akcesoria do gier PC,PC Gaming Accessories,PC Gaming Accessories,Akcesoria do gier PC,PC Gaming Accessories,PC Gaming Accessories,,,
SUB_60006_03a,SUB_60006,Games for Sony consoles,Games for Sony consoles,Games for Sony consoles,Games for Sony consoles,0,0,1,0,0,1,,Catalog (default),,Gry na konsole Sony,Games for Sony consoles,Games for Sony consoles,Gry na konsole Sony,Games for Sony consoles,Games for Sony consoles,Gry na konsole Sony,Games for Sony consoles,Games for Sony consoles,Gry na konsole Sony,Games for Sony consoles,Games for Sony consoles,,,
SUB_60006_01a,SUB_60006,Games for Microsoft consoles,Games for Microsoft consoles,Games for Microsoft consoles,Games for Microsoft consoles,0,0,1,0,0,1,,Catalog (default),,Gry na konsole Microsoft,Games for Microsoft consoles,Games for Microsoft consoles,Gry na konsole Microsoft,Games for Microsoft consoles,Games for Microsoft consoles,Gry na konsole Microsoft,Games for Microsoft consoles,Games for Microsoft consoles,Gry na konsole Microsoft,Games for Microsoft consoles,Games for Microsoft consoles,,,
SUB_90006_01_02a,SUB_90006_01,EliteClub Deals,EliteClub Deals,EliteClub Deals,EliteClub Deals,0,0,1,0,0,1,,Catalog (default),,EliteClub Deals,EliteClub Deals,EliteClub Deals,EliteClub Deals,EliteClub Deals,EliteClub Deals,EliteClub Deals,EliteClub Deals,EliteClub Deals,EliteClub Deals,EliteClub Deals,EliteClub Deals,,,
SUB_60006_02a,SUB_60006,Games for Nintendo consoles,Games for Nintendo consoles,Games for Nintendo consoles,Games for Nintendo consoles,0,0,1,0,0,1,,Catalog (default),,Gry na konsole Nintendo,Games for Nintendo consoles,Games for Nintendo consoles,Gry na konsole Nintendo,Games for Nintendo consoles,Games for Nintendo consoles,Gry na konsole Nintendo,Games for Nintendo consoles,Games for Nintendo consoles,Gry na konsole Nintendo,Games for Nintendo consoles,Games for Nintendo consoles,,,
SUB_60006_03b,SUB_60006,Sony Consoles & Accessories,Sony Consoles & Accessories,Sony Consoles & Accessories,Sony Consoles & Accessories,0,0,1,0,0,1,,Catalog (default),,Konsole i akcesoria Sony,Sony Consoles & Accessories,Sony Consoles & Accessories,Konsole i akcesoria Sony,Sony Consoles & Accessories,Sony Consoles & Accessories,Konsole i akcesoria Sony,Sony Consoles & Accessories,Sony Consoles & Accessories,Konsole i akcesoria Sony,Sony Consoles & Accessories,Sony Consoles & Accessories,,,
SUB_60006_02b,SUB_60006,Nintendo Consoles & Accessories,Nintendo Consoles & Accessories,Nintendo Consoles & Accessories,Nintendo Consoles & Accessories,0,0,1,0,0,1,,Catalog (default),,Konsole i akcesoria Nintendo,Nintendo Consoles & Accessories,Nintendo Consoles & Accessories,Konsole i akcesoria Nintendo,Nintendo Consoles & Accessories,Nintendo Consoles & Accessories,Konsole i akcesoria Nintendo,Nintendo Consoles & Accessories,Nintendo Consoles & Accessories,Konsole i akcesoria Nintendo,Nintendo Consoles & Accessories,Nintendo Consoles & Accessories,,,
SUB_60006_05,SUB_60006,other consoles & accessories,other consoles & accessories,other consoles & accessories,other consoles & accessories,0,0,1,0,0,1,,Catalog (default),,inne konsole i akcesoria,other consoles & accessories,other consoles & accessories,inne konsole i akcesoria,other consoles & accessories,other consoles & accessories,inne konsole i akcesoria,other consoles & accessories,other consoles & accessories,inne konsole i akcesoria,other consoles & accessories,other consoles & accessories,,,
SUB_60006_01b,SUB_60006,Microsoft Consoles & Accessories,Microsoft Consoles & Accessories,Microsoft Consoles & Accessories,Microsoft Consoles & Accessories,0,0,1,0,0,1,,Catalog (default),,Konsole i akcesoria Microsoft,Microsoft Consoles & Accessories,Microsoft Consoles & Accessories,Konsole i akcesoria Microsoft,Microsoft Consoles & Accessories,Microsoft Consoles & Accessories,Konsole i akcesoria Microsoft,Microsoft Consoles & Accessories,Microsoft Consoles & Accessories,Konsole i akcesoria Microsoft,Microsoft Consoles & Accessories,Microsoft Consoles & Accessories,,,
SUB_60006_04a,SUB_60006,Games for PC,Games for PC,Games for PC,Games for PC,0,0,1,0,0,1,,Catalog (default),,Gry na PC,Games for PC,Games for PC,Gry na PC,Games for PC,Games for PC,Gry na PC,Games for PC,Games for PC,Gry na PC,Games for PC,Games for PC,,,
SUB_60006_06,SUB_60006,Electric toys,Electric toys,Electric toys,Electric toys,0,0,1,0,0,1,,Catalog (default),,Zabawki elektryczne,Electric toys,Electric toys,Zabawki elektryczne,Electric toys,Electric toys,Zabawki elektryczne,Electric toys,Electric toys,Zabawki elektryczne,Electric toys,Electric toys,,,
SUB_20008_12,SUB_20008,Toys for babies (0-12M),Toys for babies (0-12M),Toys for babies (0-12M),Toys for babies (0-12M),0,0,1,0,0,1,,Catalog (default),,Zabawki dla niemowląt (0-12M),Toys for babies (0-12M),Toys for babies (0-12M),Zabawki dla niemowląt (0-12M),Toys for babies (0-12M),Toys for babies (0-12M),Zabawki dla niemowląt (0-12M),Toys for babies (0-12M),Toys for babies (0-12M),Zabawki dla niemowląt (0-12M),Toys for babies (0-12M),Toys for babies (0-12M),,,
