category_key,parent_category_key,name.en_US,meta_title.en_US,meta_description.en_US,meta_keywords.en_US,is_active,is_in_menu,is_clickable,is_searchable,is_root,is_main,node_order,template_name,category_image_name.en_US,name.it_IT,name.fr_FR,name.el_GR,meta_title.it_IT,meta_title.fr_FR,meta_title.el_GR,meta_description.it_IT,meta_description.fr_FR,meta_description.el_GR,meta_keywords.it_IT,meta_keywords.fr_FR,meta_keywords.el_GR,category_image_name.it_IT,category_image_name.fr_FR,category_image_name.el_GR
shop,,shop,Shop,English version of Shop,English version of Shop,1,0,1,0,1,1,900,Catalog (default),,negozio,Boutique,κατάστημα,negozio,Boutique,κατάστημα,negozio,Boutique,κατάστημα,,,,,,
9999999996,shop,Easter specials,Easter specials,Easter specials,Easter specials,1,0,1,0,0,1,13,Catalog (default),,Offerte di Pasqua,Promotions de Pâques,Πασχαλινές προσφορές,Offerte di Pasqua,Promotions de Pâques,Πασχαλινές προσφορές,Offerte di Pasqua,Promotions de Pâques,Πασχαλινές προσφορές,,,,,,
9999999997,shop,offline / deactivated,offline / deactivated,offline / deactivated,offline / deactivated,0,0,1,0,0,1,18,Catalog (default),,offline / disattivato,Hors ligne/Désactivé,Offline / απενεργοποιημένο,offline / disattivato,Hors ligne/Désactivé,Offline / απενεργοποιημένο,offline / disattivato,Hors ligne/Désactivé,Offline / απενεργοποιημένο,,,,,,
9999999998,shop,Highlights,Highlights,Highlights,Highlights,1,0,1,0,0,1,14,Catalog (default),,In evidenza,À ne pas manquer,Highlights,In evidenza,À ne pas manquer,Highlights,In evidenza,À ne pas manquer,Highlights,,,,,,
9999999999,shop,Unsorted,Unsorted,Unsorted,Unsorted,0,0,1,0,0,1,17,Catalog (default),,Non classificato,Non trié,Αυτοκινητοβιομηχανία,Non classificato,Non trié,Αυτοκινητοβιομηχανία,Non classificato,Non trié,Αυτοκινητοβιομηχανία,,,,,,
MC_10001,shop,Automotive,Automotive,Automotive,Automotive,1,1,1,1,0,1,2,Catalog (default),,Auto & Moto,Automobile,Αξεσουάρ μόδας,Auto & Moto,Automobile,Αξεσουάρ μόδας,Auto & Moto,Automobile,Αξεσουάρ μόδας,,,,,,
MC_11001,shop,Fashion & Accessories,Fashion & Accessories,Fashion & Accessories,Fashion & Accessories,1,1,1,1,0,1,10,Catalog (default),,Abbigliamento & accessori,Mode et accessoires,Αθλητισμός & Fitness,Abbigliamento & accessori,Mode et accessoires,Αθλητισμός & Fitness,Abbigliamento & accessori,Mode et accessoires,Αθλητισμός & Fitness,,,,,,
MC_12001,shop,Sports & Outdoor,Sports & Outdoor,Sports & Outdoor,Sports & Outdoor,1,1,1,1,0,1,11,Catalog (default),,Sport & Fitness,Sports et extérieur,Αξεσουάρ κατοικίδιων ζώων,Sport & Fitness,Sports et extérieur,Αξεσουάρ κατοικίδιων ζώων,Sport & Fitness,Sports et extérieur,Αξεσουάρ κατοικίδιων ζώων,,,,,,
MC_13001,shop,Pet Supplies,Pet Supplies,Pet Supplies,Pet Supplies,1,1,1,1,0,1,12,Catalog (default),,Prodotti per animali,Articles pour animaux,Voucher,Prodotti per animali,Articles pour animaux,Voucher,Prodotti per animali,Articles pour animaux,Voucher,,,,,,
MC_14001,shop,Vouchers,Vouchers,Vouchers,Vouchers,1,1,1,1,0,1,16,Catalog (default),,Voucher,Bons d'achat/Cartes cadeaux,Καθημερινές ανάγκες,Voucher,Bons d'achat/Cartes cadeaux,Καθημερινές ανάγκες,Voucher,Bons d'achat/Cartes cadeaux,Καθημερινές ανάγκες,,,,,,
MC_15001,shop,Daily Needs,Daily Needs,Daily Needs,Daily Needs,1,1,1,1,0,1,1,Catalog (default),,Acquisti quotidiani,Besoins du quotidien,Μωρό & παιδί,Acquisti quotidiani,Besoins du quotidien,Μωρό & παιδί,Acquisti quotidiani,Besoins du quotidien,Μωρό & παιδί,,,,,,
MC_20001,shop,Baby & Child,Baby & Child,Baby & Child,Baby & Child,1,1,1,1,0,1,3,Catalog (default),,Mamma & Bambino,Bébés et enfants,Υγεία & ομορφιά,Mamma & Bambino,Bébés et enfants,Υγεία & ομορφιά,Mamma & Bambino,Bébés et enfants,Υγεία & ομορφιά,,,,,,
MC_30001,shop,Health & Beauty,Health & Beauty,Health & Beauty,Health & Beauty,1,1,1,1,0,1,4,Catalog (default),,Salute & Bellezza,Santé et beauté,"Βιβλία, παιχνίδια, ταινίες & μουσική",Salute & Bellezza,Santé et beauté,"Βιβλία, παιχνίδια, ταινίες & μουσική",Salute & Bellezza,Santé et beauté,"Βιβλία, παιχνίδια, ταινίες & μουσική",,,,,,
MC_40001,shop,"Books, Movies, TV Shows & Music","Books, Movies, TV Shows & Music","Books, Movies, TV Shows & Music","Books, Movies, TV Shows & Music",1,1,1,1,0,1,5,Catalog (default),,"Libri, film, serie TV & musica","Livres, films, séries TV et musique",Είδη γραφείου & σχολικά είδη,"Libri, film, serie TV & musica","Livres, films, séries TV et musique",Είδη γραφείου & σχολικά είδη,"Libri, film, serie TV & musica","Livres, films, séries TV et musique",Είδη γραφείου & σχολικά είδη,,,,,,
MC_50001,shop,Office Supplies & Stationery,Office Supplies & Stationery,Office Supplies & Stationery,Office Supplies & Stationery,1,1,1,1,0,1,6,Catalog (default),,Ufficio & Cancelleria,Fournitures de bureau et papeterie,Ηλεκτρονικά είδη,Ufficio & Cancelleria,Fournitures de bureau et papeterie,Ηλεκτρονικά είδη,Ufficio & Cancelleria,Fournitures de bureau et papeterie,Ηλεκτρονικά είδη,,,,,,
MC_60001,shop,Electronics,Electronics,Electronics,Electronics,1,1,1,1,0,1,7,Catalog (default),,Elettronica,Électronique,Φαγητό & ποτό,Elettronica,Électronique,Φαγητό & ποτό,Elettronica,Électronique,Φαγητό & ποτό,,,,,,
MC_70001,shop,Food & Drink,Food & Drink,Food & Drink,Food & Drink,1,1,1,1,0,1,8,Catalog (default),,Cibi & bevande,Aliments et boissons,Σπίτι & κήπος,Cibi & bevande,Aliments et boissons,Σπίτι & κήπος,Cibi & bevande,Aliments et boissons,Σπίτι & κήπος,,,,,,
MC_80001,shop,Home & Garden,Home & Garden,Home & Garden,Home & Garden,1,1,1,1,0,1,9,Catalog (default),,Casa & Giardino,Maison et jardin,Είδη merchandise,Casa & Giardino,Maison et jardin,Είδη merchandise,Casa & Giardino,Maison et jardin,Είδη merchandise,,,,,,
MC_90001,shop,Merchandise,Merchandise,Merchandise,Merchandise,1,1,1,1,0,1,15,Catalog (default),,Merchandise,Articles officiels,Ρυμουλκούμενα και Μεταφορείς,Merchandise,Articles officiels,Ρυμουλκούμενα και Μεταφορείς,Merchandise,Articles officiels,Ρυμουλκούμενα και Μεταφορείς,,,,,,
SUB_10001,MC_10001,Trailers & Carriers,Trailers & Carriers,Trailers & Carriers,Trailers & Carriers,1,1,1,1,0,1,,Catalog (default),,Rimorchi & trasportatori,Remorques et transporteurs,Τεχνική αναβάθμιση οχημάτων,Rimorchi & trasportatori,Remorques et transporteurs,Τεχνική αναβάθμιση οχημάτων,Rimorchi & trasportatori,Remorques et transporteurs,Τεχνική αναβάθμιση οχημάτων,,,,,,
SUB_10002,MC_10001,Car Tuning,Car Tuning,Car Tuning,Car Tuning,1,1,1,1,0,1,,Catalog (default),,Car Tuning,Tuning,Εξοπλισμός συνεργείου αυτοκινήτων,Car Tuning,Tuning,Εξοπλισμός συνεργείου αυτοκινήτων,Car Tuning,Tuning,Εξοπλισμός συνεργείου αυτοκινήτων,,,,,,
SUB_10003,MC_10001,Car Workshop Equipment,Car Workshop Equipment,Car Workshop Equipment,Car Workshop Equipment,1,1,1,1,0,1,,Catalog (default),,Attrezzature officina dell'auto,Équipement de garage automobile,Συντήρηση αυτοκινήτων,Attrezzature officina dell'auto,Équipement de garage automobile,Συντήρηση αυτοκινήτων,Attrezzature officina dell'auto,Équipement de garage automobile,Συντήρηση αυτοκινήτων,,,,,,
SUB_10004,MC_10001,Car Care,Car Care,Car Care,Car Care,1,1,1,1,0,1,,Catalog (default),,Cura dell'auto,Entretien automobile,Ανταλλακτικά αυτοκινήτων,Cura dell'auto,Entretien automobile,Ανταλλακτικά αυτοκινήτων,Cura dell'auto,Entretien automobile,Ανταλλακτικά αυτοκινήτων,,,,,,
SUB_10005,MC_10001,Car Parts,Car Parts,Car Parts,Car Parts,1,1,1,1,0,1,,Catalog (default),,Ricambi auto,Pièces de voiture,Αξεσουάρ αυτοκινήτων,Ricambi auto,Pièces de voiture,Αξεσουάρ αυτοκινήτων,Ricambi auto,Pièces de voiture,Αξεσουάρ αυτοκινήτων,,,,,,
SUB_10006,MC_10001,Car accessories,Car accessories,Car accessories,Car accessories,1,1,1,1,0,1,,Catalog (default),,Accessori auto,Accessoires de voiture,Οχήματα,Accessori auto,Accessoires de voiture,Οχήματα,Accessori auto,Accessoires de voiture,Οχήματα,,,,,,
SUB_10007,MC_10001,Vehicles,Vehicles,Vehicles,Vehicles,1,1,1,1,0,1,,Catalog (default),,Veicoli,Véhicules,Αξεσουάρ μοτοσικλετών,Veicoli,Véhicules,Αξεσουάρ μοτοσικλετών,Veicoli,Véhicules,Αξεσουάρ μοτοσικλετών,,,,,,
SUB_10008,MC_10001,Motorcycle Supplies,Motorcycle Supplies,Motorcycle Supplies,Motorcycle Supplies,1,1,1,1,0,1,,Catalog (default),,Forniture per motocicli,Articles de moto,Λάδια & συντήρηση,Forniture per motocicli,Articles de moto,Λάδια & συντήρηση,Forniture per motocicli,Articles de moto,Λάδια & συντήρηση,,,,,,
SUB_10009,MC_10001,Oils & Maintenance,Oils & Maintenance,Oils & Maintenance,Oils & Maintenance,1,1,1,1,0,1,,Catalog (default),,Oli & manutenzione,Huiles et entretien,Τροχοί και ελαστικά,Oli & manutenzione,Huiles et entretien,Τροχοί και ελαστικά,Oli & manutenzione,Huiles et entretien,Τροχοί και ελαστικά,,,,,,
SUB_10010,MC_10001,Wheels & Tires,Wheels & Tires,Wheels & Tires,Wheels & Tires,1,1,1,1,0,1,,Catalog (default),,Ruote & gomme,Roues et pneus,Ζάντες,Ruote & gomme,Roues et pneus,Ζάντες,Ruote & gomme,Roues et pneus,Ζάντες,,,,,,
SUB_10010_01,SUB_10010,Rims,Rims,Rims,Rims,1,1,1,1,0,1,,Catalog (default),,Cerchi,Jantes,Καλοκαιρινά ελαστικά αυτοκινήτων,Cerchi,Jantes,Καλοκαιρινά ελαστικά αυτοκινήτων,Cerchi,Jantes,Καλοκαιρινά ελαστικά αυτοκινήτων,,,,,,
SUB_10010_02,SUB_10010,Summer tires,Summer tires,Summer tires,Summer tires,1,1,1,1,0,1,,Catalog (default),,Pneumatici estivi,Pneus d'été,Ελαστικά αυτοκινήτων τεσσάρων εποχών,Pneumatici estivi,Pneus d'été,Ελαστικά αυτοκινήτων τεσσάρων εποχών,Pneumatici estivi,Pneus d'été,Ελαστικά αυτοκινήτων τεσσάρων εποχών,,,,,,
SUB_10010_03,SUB_10010,All Season tires,All Season tires,All Season tires,All Season tires,1,1,1,1,0,1,,Catalog (default),,Pneumatici quattro stagioni,Tous les pneus de saison,Χειμερινά ελαστικά αυτοκινήτων,Pneumatici quattro stagioni,Tous les pneus de saison,Χειμερινά ελαστικά αυτοκινήτων,Pneumatici quattro stagioni,Tous les pneus de saison,Χειμερινά ελαστικά αυτοκινήτων,,,,,,
SUB_10010_04,SUB_10010,Winter tires,Winter tires,Winter tires,Winter tires,1,1,1,1,0,1,,Catalog (default),,Pneumatici invernali,Pneus d'hiver,Ελαστικά Offroad (4χ4),Pneumatici invernali,Pneus d'hiver,Ελαστικά Offroad (4χ4),Pneumatici invernali,Pneus d'hiver,Ελαστικά Offroad (4χ4),,,,,,
SUB_10010_05,SUB_10010,Offroad tires,Offroad tires,Offroad tires,Offroad tires,1,1,1,1,0,1,,Catalog (default),,Pneumatici da fuori strada,Pneus tout terrain,Ελαστικά φορτηγών,Pneumatici da fuori strada,Pneus tout terrain,Ελαστικά φορτηγών,Pneumatici da fuori strada,Pneus tout terrain,Ελαστικά φορτηγών,,,,,,
SUB_10010_06,SUB_10010,Truck Tires,Truck Tires,Truck Tires,Truck Tires,1,1,1,1,0,1,,Catalog (default),,Pneumatici per camion,Pneus de camion,Αξεσουάρ,Pneumatici per camion,Pneus de camion,Αξεσουάρ,Pneumatici per camion,Pneus de camion,Αξεσουάρ,,,,,,
SUB_11001,MC_11001,Accessories,Accessories,Accessories,Accessories,1,1,1,1,0,1,,Catalog (default),,Accessori,Accessoires,Γάντια,Accessori,Accessoires,Γάντια,Accessori,Accessoires,Γάντια,,,,,,
SUB_11001_01,SUB_11001,Gloves,Gloves,Gloves,Gloves,1,1,1,1,0,1,,Catalog (default),,Guanti,Gants,Ζώνη,Guanti,Gants,Ζώνη,Guanti,Gants,Ζώνη,,,,,,
SUB_11001_02,SUB_11001,Belt,Belt,Belt,Belt,1,1,1,1,0,1,,Catalog (default),,Cinture,Ceintures,Γραβάτες & μαντήλια τσέπης,Cinture,Ceintures,Γραβάτες & μαντήλια τσέπης,Cinture,Ceintures,Γραβάτες & μαντήλια τσέπης,,,,,,
SUB_11001_03,SUB_11001,Ties & Pocket Square,Ties & Pocket Square,Ties & Pocket Square,Ties & Pocket Square,1,1,1,1,0,1,,Catalog (default),,Cravatte & fazzoletti da taschino,Cravates et mouchoirs de poches,Γυαλιά ηλίου,Cravatte & fazzoletti da taschino,Cravates et mouchoirs de poches,Γυαλιά ηλίου,Cravatte & fazzoletti da taschino,Cravates et mouchoirs de poches,Γυαλιά ηλίου,,,,,,
SUB_11001_04,SUB_11001,Sunglasses,Sunglasses,Sunglasses,Sunglasses,1,1,1,1,0,1,,Catalog (default),,Occhiali da sole,Lunettes de soleil,Ένδυση βρεφική,Occhiali da sole,Lunettes de soleil,Ένδυση βρεφική,Occhiali da sole,Lunettes de soleil,Ένδυση βρεφική,,,,,,
SUB_11002,MC_11001,Clothing for Babies,Clothing for Babies,Clothing for Babies,Clothing for Babies,1,1,1,1,0,1,,Catalog (default),,Vestiti per bambini,Vêtements pour bébés,Ένδυση γυναικεία,Vestiti per bambini,Vêtements pour bébés,Ένδυση γυναικεία,Vestiti per bambini,Vêtements pour bébés,Ένδυση γυναικεία,,,,,,
SUB_11003,MC_11001,Clothes for Women,Clothes for Women,Clothes for Women,Clothes for Women,1,1,1,1,0,1,,Catalog (default),,Vestiti da donna,Vêtements pour femmes,Σακάκια και παλτό γυναικεία,Vestiti da donna,Vêtements pour femmes,Σακάκια και παλτό γυναικεία,Vestiti da donna,Vêtements pour femmes,Σακάκια και παλτό γυναικεία,,,,,,
SUB_11003_01,SUB_11003,Ladies Jackets & Coats,Ladies Jackets & Coats,Ladies Jackets & Coats,Ladies Jackets & Coats,1,1,1,1,0,1,,Catalog (default),,Giacche da donna & cappotti,Vestes et manteaux pour femmes,Παντελόνι γυναικείο,Giacche da donna & cappotti,Vestes et manteaux pour femmes,Παντελόνι γυναικείο,Giacche da donna & cappotti,Vestes et manteaux pour femmes,Παντελόνι γυναικείο,,,,,,
SUB_11003_02,SUB_11003,Ladies Trousers,Ladies Trousers,Ladies Trousers,Ladies Trousers,1,1,1,1,0,1,,Catalog (default),,Pantaloni da donna,Pantalons pour femmes,Μπλούζα γυναικεία,Pantaloni da donna,Pantalons pour femmes,Μπλούζα γυναικεία,Pantaloni da donna,Pantalons pour femmes,Μπλούζα γυναικεία,,,,,,
SUB_11003_03,SUB_11003,Ladies Blouses,Ladies Blouses,Ladies Blouses,Ladies Blouses,1,1,1,1,0,1,,Catalog (default),,Camicette da donna,Chemisiers pour femmes,Πουκάμισο γυναικείο,Camicette da donna,Chemisiers pour femmes,Πουκάμισο γυναικείο,Camicette da donna,Chemisiers pour femmes,Πουκάμισο γυναικείο,,,,,,
SUB_11003_04,SUB_11003,Ladies Shirts,Ladies Shirts,Ladies Shirts,Ladies Shirts,1,1,1,1,0,1,,Catalog (default),,Camicie da donna,Chemises pour femmes,Φόρεμα,Camicie da donna,Chemises pour femmes,Φόρεμα,Camicie da donna,Chemises pour femmes,Φόρεμα,,,,,,
SUB_11003_05,SUB_11003,Ladies Dresses,Ladies Dresses,Ladies Dresses,Ladies Dresses,1,1,1,1,0,1,,Catalog (default),,Abiti da donna,Robes,Πουλόβερ γυναικείο,Abiti da donna,Robes,Πουλόβερ γυναικείο,Abiti da donna,Robes,Πουλόβερ γυναικείο,,,,,,
SUB_11003_06,SUB_11003,Ladies Sweaters,Ladies Sweaters,Ladies Sweaters,Ladies Sweaters,1,1,1,1,0,1,,Catalog (default),,Maglioni da donna,Pulls pour femmes,Φούστα,Maglioni da donna,Pulls pour femmes,Φούστα,Maglioni da donna,Pulls pour femmes,Φούστα,,,,,,
SUB_11003_07,SUB_11003,Skirts,Skirts,Skirts,Skirts,1,1,1,1,0,1,,Catalog (default),,Gonne,Jupes,Εσώρουχα γυναικεία,Gonne,Jupes,Εσώρουχα γυναικεία,Gonne,Jupes,Εσώρουχα γυναικεία,,,,,,
SUB_11003_08,SUB_11003,Ladies underwear,Ladies underwear,Ladies underwear,Ladies underwear,1,1,1,1,0,1,,Catalog (default),,Biancheria intima donna,Sous-vêtements pour femmes,Μαγιό γυναικείο,Biancheria intima donna,Sous-vêtements pour femmes,Μαγιό γυναικείο,Biancheria intima donna,Sous-vêtements pour femmes,Μαγιό γυναικείο,,,,,,
SUB_11003_09,SUB_11003,Ladies swimwear,Ladies swimwear,Ladies swimwear,Ladies swimwear,1,1,1,1,0,1,,Catalog (default),,Costumi da bagno donna,Maillots de bain pour femmes,Πιτζάμα γυναικεία,Costumi da bagno donna,Maillots de bain pour femmes,Πιτζάμα γυναικεία,Costumi da bagno donna,Maillots de bain pour femmes,Πιτζάμα γυναικεία,,,,,,
SUB_11003_10,SUB_11003,Ladies nightwear,Ladies nightwear,Ladies nightwear,Ladies nightwear,1,1,1,1,0,1,,Catalog (default),,Pigiami da donna,Vêtements de nuit pour femmes,Ένδυση ανδρική,Pigiami da donna,Vêtements de nuit pour femmes,Ένδυση ανδρική,Pigiami da donna,Vêtements de nuit pour femmes,Ένδυση ανδρική,,,,,,
SUB_11004,MC_11001,Clothing for Men,Clothing for Men,Clothing for Men,Clothing for Men,1,1,1,1,0,1,,Catalog (default),,Vestiti da uomo,Vêtements pour hommes,Μπουφάν και παλτό ανδρικό,Vestiti da uomo,Vêtements pour hommes,Μπουφάν και παλτό ανδρικό,Vestiti da uomo,Vêtements pour hommes,Μπουφάν και παλτό ανδρικό,,,,,,
SUB_11004_01,SUB_11004,Jacket & Coats for men,Jacket & Coats for men,Jacket & Coats for men,Jacket & Coats for men,1,1,1,1,0,1,,Catalog (default),,Giacche & cappotti da uomo,Vestes et manteaux pour hommes,Παντελόνι ανδρικό,Giacche & cappotti da uomo,Vestes et manteaux pour hommes,Παντελόνι ανδρικό,Giacche & cappotti da uomo,Vestes et manteaux pour hommes,Παντελόνι ανδρικό,,,,,,
SUB_11004_02,SUB_11004,Pants for men,Pants for men,Pants for men,Pants for men,1,1,1,1,0,1,,Catalog (default),,Pantaloni da uomo,Pantalons pour hommes,T-shirts ανδρικά,Pantaloni da uomo,Pantalons pour hommes,T-shirts ανδρικά,Pantaloni da uomo,Pantalons pour hommes,T-shirts ανδρικά,,,,,,
SUB_11004_03,SUB_11004,T-Shirts for men,T-Shirts for men,T-Shirts for men,T-Shirts for men,1,1,1,1,0,1,,Catalog (default),,T-shirt da uomo,T-Shirts pour hommes,Πουκάμισο ανδρικό,T-shirt da uomo,T-Shirts pour hommes,Πουκάμισο ανδρικό,T-shirt da uomo,T-Shirts pour hommes,Πουκάμισο ανδρικό,,,,,,
SUB_11004_04,SUB_11004,Shirts for men,Shirts for men,Shirts for men,Shirts for men,1,1,1,1,0,1,,Catalog (default),,Camicie da uomo,Chemises pour hommes,Πουλόβερ ανδρικό,Camicie da uomo,Chemises pour hommes,Πουλόβερ ανδρικό,Camicie da uomo,Chemises pour hommes,Πουλόβερ ανδρικό,,,,,,
SUB_11004_05,SUB_11004,Sweater for men,Sweater for men,Sweater for men,Sweater for men,1,1,1,1,0,1,,Catalog (default),,Maglioni da uomo,Pulls pour hommes,Εσώρουχα ανδρικά,Maglioni da uomo,Pulls pour hommes,Εσώρουχα ανδρικά,Maglioni da uomo,Pulls pour hommes,Εσώρουχα ανδρικά,,,,,,
SUB_11004_06,SUB_11004,Underwear for men,Underwear for men,Underwear for men,Underwear for men,1,1,1,1,0,1,,Catalog (default),,Biancheria intima uomo,Sous-vêtements pour hommes,Μαγιό ανδρικό,Biancheria intima uomo,Sous-vêtements pour hommes,Μαγιό ανδρικό,Biancheria intima uomo,Sous-vêtements pour hommes,Μαγιό ανδρικό,,,,,,
SUB_11004_07,SUB_11004,Swimwear for men,Swimwear for men,Swimwear for men,Swimwear for men,1,1,1,1,0,1,,Catalog (default),,Costumi da bagno uomo,Maillots de bain pour hommes,Πιτζάμα ανδρική,Costumi da bagno uomo,Maillots de bain pour hommes,Πιτζάμα ανδρική,Costumi da bagno uomo,Maillots de bain pour hommes,Πιτζάμα ανδρική,,,,,,
SUB_11004_08,SUB_11004,Sleepwear for men,Sleepwear for men,Sleepwear for men,Sleepwear for men,1,1,1,1,0,1,,Catalog (default),,Pigiami da uomo,Vêtements de nuit pour hommes,Κουστούμι ανδρικό,Pigiami da uomo,Vêtements de nuit pour hommes,Κουστούμι ανδρικό,Pigiami da uomo,Vêtements de nuit pour hommes,Κουστούμι ανδρικό,,,,,,
SUB_11004_09,SUB_11004,Suits for men,Suits for men,Suits for men,Suits for men,1,1,1,1,0,1,,Catalog (default),,Completi da uomo,Costumes pour hommes,Παιδική ένδυση,Completi da uomo,Costumes pour hommes,Παιδική ένδυση,Completi da uomo,Costumes pour hommes,Παιδική ένδυση,,,,,,
SUB_11005,MC_11001,Clothes for Kids,Clothes for Kids,Clothes for Kids,Clothes for Kids,1,1,1,1,0,1,,Catalog (default),,Vestiti per bambini,Vêtements pour enfants,Μπουφάν και παλτό παιδικό,Vestiti per bambini,Vêtements pour enfants,Μπουφάν και παλτό παιδικό,Vestiti per bambini,Vêtements pour enfants,Μπουφάν και παλτό παιδικό,,,,,,
SUB_11005_01,SUB_11005,Kids Jackets & Coats,Kids Jackets & Coats,Kids Jackets & Coats,Kids Jackets & Coats,1,1,1,1,0,1,,Catalog (default),,Giacche & cappotti per bambini,Vestes et manteaux pour enfants,Παντελόνι παιδικό,Giacche & cappotti per bambini,Vestes et manteaux pour enfants,Παντελόνι παιδικό,Giacche & cappotti per bambini,Vestes et manteaux pour enfants,Παντελόνι παιδικό,,,,,,
SUB_11005_02,SUB_11005,Kids Pants,Kids Pants,Kids Pants,Kids Pants,1,1,1,1,0,1,,Catalog (default),,Pantaloni per bambini,Pantalons pour enfants,Πουκάμισο παιδικό,Pantaloni per bambini,Pantalons pour enfants,Πουκάμισο παιδικό,Pantaloni per bambini,Pantalons pour enfants,Πουκάμισο παιδικό,,,,,,
SUB_11005_03,SUB_11005,Shirts for kids,Shirts for kids,Shirts for kids,Shirts for kids,1,1,1,1,0,1,,Catalog (default),,Camicie per bambini,Chemises pour enfants,Φόρεμα παιδικό,Camicie per bambini,Chemises pour enfants,Φόρεμα παιδικό,Camicie per bambini,Chemises pour enfants,Φόρεμα παιδικό,,,,,,
SUB_11005_04,SUB_11005,Dresses for kids,Dresses for kids,Dresses for kids,Dresses for kids,1,1,1,1,0,1,,Catalog (default),,Abiti per bambini,Robes pour enfants,Πουλόβερ παιδικό,Abiti per bambini,Robes pour enfants,Πουλόβερ παιδικό,Abiti per bambini,Robes pour enfants,Πουλόβερ παιδικό,,,,,,
SUB_11005_05,SUB_11005,Kids Sweaters,Kids Sweaters,Kids Sweaters,Kids Sweaters,1,1,1,1,0,1,,Catalog (default),,Maglioni per bambini,Pulls pour enfants,Εσώρουχα παιδικά,Maglioni per bambini,Pulls pour enfants,Εσώρουχα παιδικά,Maglioni per bambini,Pulls pour enfants,Εσώρουχα παιδικά,,,,,,
SUB_11005_06,SUB_11005,Children underwear,Children underwear,Children underwear,Children underwear,1,1,1,1,0,1,,Catalog (default),,Biancheria intima per bambini,Sous-vêtements pour enfants,Μαγιό παιδικό,Biancheria intima per bambini,Sous-vêtements pour enfants,Μαγιό παιδικό,Biancheria intima per bambini,Sous-vêtements pour enfants,Μαγιό παιδικό,,,,,,
SUB_11005_07,SUB_11005,Children swimwear,Children swimwear,Children swimwear,Children swimwear,1,1,1,1,0,1,,Catalog (default),,Costumi da bagno per bambini,Maillots de bain pour enfants,Αξεσουάρ παιδικά,Costumi da bagno per bambini,Maillots de bain pour enfants,Αξεσουάρ παιδικά,Costumi da bagno per bambini,Maillots de bain pour enfants,Αξεσουάρ παιδικά,,,,,,
SUB_11005_08,SUB_11005,Children accessories,Children accessories,Children accessories,Children accessories,1,1,1,1,0,1,,Catalog (default),,Accessori per bambini,Accessoires pour enfants,Είδη χειροτεχνίας,Accessori per bambini,Accessoires pour enfants,Είδη χειροτεχνίας,Accessori per bambini,Accessoires pour enfants,Είδη χειροτεχνίας,,,,,,
SUB_11006,MC_11001,Handicrafts,Handicrafts,Handicrafts,Handicrafts,1,1,1,1,0,1,,Catalog (default),,Artigianato,Artisanat,"Βαλίτσες, σακίδια & τσάντες",Artigianato,Artisanat,"Βαλίτσες, σακίδια & τσάντες",Artigianato,Artisanat,"Βαλίτσες, σακίδια & τσάντες",,,,,,
SUB_11007,MC_11001,"Suitcases, Backpacks & Bags","Suitcases, Backpacks & Bags","Suitcases, Backpacks & Bags","Suitcases, Backpacks & Bags",1,1,1,1,0,1,920,Catalog (default),,"Valigie, zaini & borse","Valises, sacs-à-dos et sacs",Κόσμημα,"Valigie, zaini & borse","Valises, sacs-à-dos et sacs",Κόσμημα,"Valigie, zaini & borse","Valises, sacs-à-dos et sacs",Κόσμημα,,,,,,
SUB_11008,MC_11001,Jewelry,Jewelry,Jewelry,Jewelry,1,1,1,1,0,1,,Catalog (default),,Gioielleria,Bijoux,Παπούτσια,Gioielleria,Bijoux,Παπούτσια,Gioielleria,Bijoux,Παπούτσια,,,,,,
SUB_11009,MC_11001,Shoes,Shoes,Shoes,Shoes,1,1,1,1,0,1,,Catalog (default),,Scarpe,Chaussures,Παπούτσι ανδρικό,Scarpe,Chaussures,Παπούτσι ανδρικό,Scarpe,Chaussures,Παπούτσι ανδρικό,,,,,,
SUB_11009_01,SUB_11009,Shoes for men,Shoes for men,Shoes for men,Shoes for men,1,1,1,1,0,1,,Catalog (default),,Scarpe da uomo,Chaussures pour hommes,Παπούτσι γυναικείο,Scarpe da uomo,Chaussures pour hommes,Παπούτσι γυναικείο,Scarpe da uomo,Chaussures pour hommes,Παπούτσι γυναικείο,,,,,,
SUB_11009_02,SUB_11009,Shoes for women,Shoes for women,Shoes for women,Shoes for women,1,1,1,1,0,1,,Catalog (default),,Scarpe da donna,Chaussures pour femmes,Παπούτσι παιδικό,Scarpe da donna,Chaussures pour femmes,Παπούτσι παιδικό,Scarpe da donna,Chaussures pour femmes,Παπούτσι παιδικό,,,,,,
SUB_11009_03,SUB_11009,Shoes for Kids,Shoes for Kids,Shoes for Kids,Shoes for Kids,1,1,1,1,0,1,,Catalog (default),,Scarpe per bambini,Chaussures pour enfants,Αθλητικά,Scarpe per bambini,Chaussures pour enfants,Αθλητικά,Scarpe per bambini,Chaussures pour enfants,Αθλητικά,,,,,,
SUB_11009_04,SUB_11009,Sneakers,Sneakers,Sneakers,Sneakers,1,1,1,1,0,1,,Catalog (default),,Sneakers,Baskets,Παπούτσια για όλους,Sneakers,Baskets,Παπούτσια για όλους,Sneakers,Baskets,Παπούτσια για όλους,,,,,,
SUB_11009_05,SUB_11009,Shoes for everyone,Shoes for everyone,Shoes for everyone,Shoes for everyone,1,1,1,1,0,1,,Catalog (default),,Scarpe per tutti,Chaussures pour tous,Ρολόι,Scarpe per tutti,Chaussures pour tous,Ρολόι,Scarpe per tutti,Chaussures pour tous,Ρολόι,,,,,,
SUB_11010,MC_11001,Watches,Watches,Watches,Watches,1,1,1,1,0,1,,Catalog (default),,Orologi,Montres,Επαγγελματική ένδυση,Orologi,Montres,Επαγγελματική ένδυση,Orologi,Montres,Επαγγελματική ένδυση,,,,,,
SUB_11011,MC_11001,Work clothing,Work clothing,Work clothing,Work clothing,1,1,1,1,0,1,,Catalog (default),,Abbigliamento da lavoro,Habits de travail,Ρούχα για όλους,Abbigliamento da lavoro,Habits de travail,Ρούχα για όλους,Abbigliamento da lavoro,Habits de travail,Ρούχα για όλους,,,,,,
SUB_11012,MC_11001,Clothing for everyone,Clothing for everyone,Clothing for everyone,Clothing for everyone,1,1,1,1,0,1,,Catalog (default),,Abbigliamento per tutti,Vêtements pour tous,"Κοστούμια, σακάκια και παλτό",Abbigliamento per tutti,Vêtements pour tous,"Κοστούμια, σακάκια και παλτό",Abbigliamento per tutti,Vêtements pour tous,"Κοστούμια, σακάκια και παλτό",,,,,,
SUB_11012_01,SUB_11012,"Suits, Jackets & Coats","Suits, Jackets & Coats","Suits, Jackets & Coats","Suits, Jackets & Coats",1,1,1,1,0,1,,Catalog (default),,"Abiti, giacche & cappotti","Costumes, vestes et manteaux",T-shirt,"Abiti, giacche & cappotti","Costumes, vestes et manteaux",T-shirt,"Abiti, giacche & cappotti","Costumes, vestes et manteaux",T-shirt,,,,,,
SUB_11012_02,SUB_11012,T-Shirts,T-Shirts,T-Shirts,T-Shirts,1,1,1,1,0,1,,Catalog (default),,T-shirts,T-Shirts,Πουκάμισα και μπλούζες,T-shirts,T-Shirts,Πουκάμισα και μπλούζες,T-shirts,T-Shirts,Πουκάμισα και μπλούζες,,,,,,
SUB_11012_03,SUB_11012,Shirts & Blouses,Shirts & Blouses,Shirts & Blouses,Shirts & Blouses,1,1,1,1,0,1,,Catalog (default),,Camicie & camicette,Chemises et chemisiers,Πουλόβερ και hoodies,Camicie & camicette,Chemises et chemisiers,Πουλόβερ και hoodies,Camicie & camicette,Chemises et chemisiers,Πουλόβερ και hoodies,,,,,,
SUB_11012_04,SUB_11012,Sweaters & Hoodies,Sweaters & Hoodies,Sweaters & Hoodies,Sweaters & Hoodies,1,1,1,1,0,1,,Catalog (default),,Maglioni & felpe con cappuccio,Pulls et sweats à capuche,Φορέματα και φούστες,Maglioni & felpe con cappuccio,Pulls et sweats à capuche,Φορέματα και φούστες,Maglioni & felpe con cappuccio,Pulls et sweats à capuche,Φορέματα και φούστες,,,,,,
SUB_11012_05,SUB_11012,Dresses & Skirts,Dresses & Skirts,Dresses & Skirts,Dresses & Skirts,1,1,1,1,0,1,,Catalog (default),,Abiti & gonne,Robes et jupes,Εσώρουχα,Abiti & gonne,Robes et jupes,Εσώρουχα,Abiti & gonne,Robes et jupes,Εσώρουχα,,,,,,
SUB_11012_06,SUB_11012,Underwear,Underwear,Underwear,Underwear,1,1,1,1,0,1,,Catalog (default),,Biancheria intima,Sous-vêtements,Μαγιό,Biancheria intima,Sous-vêtements,Μαγιό,Biancheria intima,Sous-vêtements,Μαγιό,,,,,,
SUB_11012_07,SUB_11012,Swimwear,Swimwear,Swimwear,Swimwear,1,1,1,1,0,1,,Catalog (default),,Costumi da bagno,Vêtements de bain,Camping,Costumi da bagno,Vêtements de bain,Camping,Costumi da bagno,Vêtements de bain,Camping,,,,,,
SUB_12001,MC_12001,Camping,Camping,Camping,Camping,1,1,1,1,0,1,,Catalog (default),,Campeggio,Camping,Scooter & e-scooter,Campeggio,Camping,Scooter & e-scooter,Campeggio,Camping,Scooter & e-scooter,,,,,,
SUB_12002,MC_12001,Scooter & E-Scooter,Scooter & E-Scooter,Scooter & E-Scooter,Scooter & E-Scooter,1,1,1,1,0,1,,Catalog (default),,Scooter & scooter elettrici,Trottinettes et trottinettes électriques,Ο κόσμος του ποδηλάτου,Scooter & scooter elettrici,Trottinettes et trottinettes électriques,Ο κόσμος του ποδηλάτου,Scooter & scooter elettrici,Trottinettes et trottinettes électriques,Ο κόσμος του ποδηλάτου,,,,,,
SUB_12003,MC_12001,Bicycle world,Bicycle world,Bicycle world,Bicycle world,1,1,1,1,0,1,,Catalog (default),,Biciclette,Cyclisme,Ηλεκτρονικά ποδήλατα,Biciclette,Cyclisme,Ηλεκτρονικά ποδήλατα,Biciclette,Cyclisme,Ηλεκτρονικά ποδήλατα,,,,,,
SUB_12003_01,SUB_12003,E-bikes,E-bikes,E-bikes,E-bikes,1,1,1,1,0,1,,Catalog (default),,E-bikes,Vélos électriques,Ποδήλατα βουνού,E-bikes,Vélos électriques,Ποδήλατα βουνού,E-bikes,Vélos électriques,Ποδήλατα βουνού,,,,,,
SUB_12003_02,SUB_12003,Mountain bikes,Mountain bikes,Mountain bikes,Mountain bikes,1,1,1,1,0,1,,Catalog (default),,Mountain bike,VTT,Ποδήλατα πόλης,Mountain bike,VTT,Ποδήλατα πόλης,Mountain bike,VTT,Ποδήλατα πόλης,,,,,,
SUB_12003_03,SUB_12003,Citybikes,Citybikes,Citybikes,Citybikes,1,1,1,1,0,1,,Catalog (default),,City bike,Vélos de ville,Ποδήλατα παιδικά,City bike,Vélos de ville,Ποδήλατα παιδικά,City bike,Vélos de ville,Ποδήλατα παιδικά,,,,,,
SUB_12003_04,SUB_12003,Children bikes,Children bikes,Children bikes,Children bikes,1,1,1,1,0,1,,Catalog (default),,Bici per bambini,Vélos pour enfants,Αξεσουάρ ποδηλάτου,Bici per bambini,Vélos pour enfants,Αξεσουάρ ποδηλάτου,Bici per bambini,Vélos pour enfants,Αξεσουάρ ποδηλάτου,,,,,,
SUB_12003_05,SUB_12003,Bicycle accessories,Bicycle accessories,Bicycle accessories,Bicycle accessories,1,1,1,1,0,1,,Catalog (default),,Accessori per biciclette,Accessoires de vélo,GPS & Wearables,Accessori per biciclette,Accessoires de vélo,GPS & Wearables,Accessori per biciclette,Accessoires de vélo,GPS & Wearables,,,,,,
SUB_12004,MC_12001,GPS & Wearables,GPS & Wearables,GPS & Wearables,GPS & Wearables,1,1,1,1,0,1,,Catalog (default),,GPS & indossabili,GPS et appareils portables,Χειροτεχνία & κατασκευές,GPS & indossabili,GPS et appareils portables,Χειροτεχνία & κατασκευές,GPS & indossabili,GPS et appareils portables,Χειροτεχνία & κατασκευές,,,,,,
SUB_12005,MC_12001,Handicrafts & Crafts,Handicrafts & Crafts,Handicrafts & Crafts,Handicrafts & Crafts,1,1,1,1,0,1,,Catalog (default),,Artigianato & fai da te,Artisanat et création,Διαλογισμός & εσωτεριστικός,Artigianato & fai da te,Artisanat et création,Διαλογισμός & εσωτεριστικός,Artigianato & fai da te,Artisanat et création,Διαλογισμός & εσωτεριστικός,,,,,,
SUB_12006,MC_12001,Meditation & Esotericism,Meditation & Esotericism,Meditation & Esotericism,Meditation & Esotericism,1,1,1,1,0,1,,Catalog (default),,Meditazione & esoterismo,Méditation et ésotérisme,Μουσικά όργανα και αξεσουάρ,Meditazione & esoterismo,Méditation et ésotérisme,Μουσικά όργανα και αξεσουάρ,Meditazione & esoterismo,Méditation et ésotérisme,Μουσικά όργανα και αξεσουάρ,,,,,,
SUB_12007,MC_12001,Musical Instruments & Accessories,Musical Instruments & Accessories,Musical Instruments & Accessories,Musical Instruments & Accessories,1,1,1,1,0,1,,Catalog (default),,Strumenti musicali & accessori,Instruments de musique et accessoires,Αξεσουάρ εξωτερικού χώρου,Strumenti musicali & accessori,Instruments de musique et accessoires,Αξεσουάρ εξωτερικού χώρου,Strumenti musicali & accessori,Instruments de musique et accessoires,Αξεσουάρ εξωτερικού χώρου,,,,,,
SUB_12008,MC_12001,Outdoor Equipment,Outdoor Equipment,Outdoor Equipment,Outdoor Equipment,1,1,1,1,0,1,,Catalog (default),,Equipaggiamento per escursioni,Équipement d'extérieur,Αθλητισμός & αθλητική ένδυση,Equipaggiamento per escursioni,Équipement d'extérieur,Αθλητισμός & αθλητική ένδυση,Equipaggiamento per escursioni,Équipement d'extérieur,Αθλητισμός & αθλητική ένδυση,,,,,,
SUB_12009,MC_12001,Sports & outdoor clothing,Sports & outdoor clothing,Sports & outdoor clothing,Sports & outdoor clothing,1,1,1,1,0,1,,Catalog (default),,Sport & abbigliamento per escursioni,Vêtements de sport et d'extérieur,Αθλητικά ρούχα γυναικεία,Sport & abbigliamento per escursioni,Vêtements de sport et d'extérieur,Αθλητικά ρούχα γυναικεία,Sport & abbigliamento per escursioni,Vêtements de sport et d'extérieur,Αθλητικά ρούχα γυναικεία,,,,,,
SUB_12009_01,SUB_12009,Sportswear Ladies,Sportswear Ladies,Sportswear Ladies,Sportswear Ladies,1,1,1,1,0,1,,Catalog (default),,Abbigliamento sportivo donna,Vêtements de sport pour femmes,Αθλητικά ρούχα αντρικά,Abbigliamento sportivo donna,Vêtements de sport pour femmes,Αθλητικά ρούχα αντρικά,Abbigliamento sportivo donna,Vêtements de sport pour femmes,Αθλητικά ρούχα αντρικά,,,,,,
SUB_12009_02,SUB_12009,Sportswear Men,Sportswear Men,Sportswear Men,Sportswear Men,1,1,1,1,0,1,,Catalog (default),,Abbigliamento sportivo uomo,Vêtements de sport pour hommes,Αθλητικά ρούχα παιδικά,Abbigliamento sportivo uomo,Vêtements de sport pour hommes,Αθλητικά ρούχα παιδικά,Abbigliamento sportivo uomo,Vêtements de sport pour hommes,Αθλητικά ρούχα παιδικά,,,,,,
SUB_12009_03,SUB_12009,Sportswear children,Sportswear children,Sportswear children,Sportswear children,1,1,1,1,0,1,,Catalog (default),,Abbigliamento sportivo bambini,Vêtements de sport pour enfants,Αθλητικά παπούτσια,Abbigliamento sportivo bambini,Vêtements de sport pour enfants,Αθλητικά παπούτσια,Abbigliamento sportivo bambini,Vêtements de sport pour enfants,Αθλητικά παπούτσια,,,,,,
SUB_12009_04,SUB_12009,Sports shoes,Sports shoes,Sports shoes,Sports shoes,1,1,1,1,0,1,,Catalog (default),,Scarpe sportive,Chaussures de sport,Αθλητική διατροφή,Scarpe sportive,Chaussures de sport,Αθλητική διατροφή,Scarpe sportive,Chaussures de sport,Αθλητική διατροφή,,,,,,
SUB_12010,MC_12001,Sports nutrition,Sports nutrition,Sports nutrition,Sports nutrition,1,1,1,1,0,1,,Catalog (default),,Alimentazione per sportivi,Nutrition sportive,Είδη & αξεσουάρ σκύλου,Alimentazione per sportivi,Nutrition sportive,Είδη & αξεσουάρ σκύλου,Alimentazione per sportivi,Nutrition sportive,Είδη & αξεσουάρ σκύλου,,,,,,
SUB_13001,MC_13001,Dog supplies & accessories,Dog supplies & accessories,Dog supplies & accessories,Dog supplies & accessories,1,1,1,1,0,1,,Catalog (default),,Accessori per cani,Articles et accessoires pour chiens,Σκυλοτροφή,Accessori per cani,Articles et accessoires pour chiens,Σκυλοτροφή,Accessori per cani,Articles et accessoires pour chiens,Σκυλοτροφή,,,,,,
SUB_13001_01,SUB_13001,Dog food,Dog food,Dog food,Dog food,1,1,1,1,0,1,,Catalog (default),,Cibo per cani,Nourriture pour chiens,Παιχνίδια σκύλου,Cibo per cani,Nourriture pour chiens,Παιχνίδια σκύλου,Cibo per cani,Nourriture pour chiens,Παιχνίδια σκύλου,,,,,,
SUB_13001_02,SUB_13001,Dog toys,Dog toys,Dog toys,Dog toys,1,1,1,1,0,1,,Catalog (default),,Giocattoli per cani,Jouets pour chiens,Είδη & αξεσουάρ γάτας,Giocattoli per cani,Jouets pour chiens,Είδη & αξεσουάρ γάτας,Giocattoli per cani,Jouets pour chiens,Είδη & αξεσουάρ γάτας,,,,,,
SUB_13002,MC_13001,Cat supplies & accessories,Cat supplies & accessories,Cat supplies & accessories,Cat supplies & accessories,1,1,1,1,0,1,,Catalog (default),,Accessori per gatti,Articles et accessoires pour chats,Γατοτροφή,Accessori per gatti,Articles et accessoires pour chats,Γατοτροφή,Accessori per gatti,Articles et accessoires pour chats,Γατοτροφή,,,,,,
SUB_13002_01,SUB_13002,Cat food,Cat food,Cat food,Cat food,1,1,1,1,0,1,,Catalog (default),,Cibo per gatti,Nourriture pour chats,Παιχνίδια για γάτα,Cibo per gatti,Nourriture pour chats,Παιχνίδια για γάτα,Cibo per gatti,Nourriture pour chats,Παιχνίδια για γάτα,,,,,,
SUB_13002_02,SUB_13002,Cat toys,Cat toys,Cat toys,Cat toys,1,1,1,1,0,1,,Catalog (default),,Giocattoli per gatti,Jouets pour chats,Sυστήματα ενυδρείων,Giocattoli per gatti,Jouets pour chats,Sυστήματα ενυδρείων,Giocattoli per gatti,Jouets pour chats,Sυστήματα ενυδρείων,,,,,,
SUB_13003,MC_13001,Aquaristics,Aquaristics,Aquaristics,Aquaristics,1,1,1,1,0,1,,Catalog (default),,Acquaristica,Aquariophilie,Αξεσουάρ για μικρά ζώα,Acquaristica,Aquariophilie,Αξεσουάρ για μικρά ζώα,Acquaristica,Aquariophilie,Αξεσουάρ για μικρά ζώα,,,,,,
SUB_13004,MC_13001,Rodent supplies & small animal supplies,Rodent supplies & small animal supplies,Rodent supplies & small animal supplies,Rodent supplies & small animal supplies,1,1,1,1,0,1,,Catalog (default),,Accessori per roditori & piccoli animali,Articles pour rongeurs et petits animaux de compagnie,Ερπετά και αμφίβια,Accessori per roditori & piccoli animali,Articles pour rongeurs et petits animaux de compagnie,Ερπετά και αμφίβια,Accessori per roditori & piccoli animali,Articles pour rongeurs et petits animaux de compagnie,Ερπετά και αμφίβια,,,,,,
SUB_13005,MC_13001,Reptiles & Amphibians,Reptiles & Amphibians,Reptiles & Amphibians,Reptiles & Amphibians,1,1,1,1,0,1,,Catalog (default),,Rettili & anfibi,Reptiles et amphibiens,Πτηνά,Rettili & anfibi,Reptiles et amphibiens,Πτηνά,Rettili & anfibi,Reptiles et amphibiens,Πτηνά,,,,,,
SUB_13006,MC_13001,Birds,Birds,Birds,Birds,1,1,1,1,0,1,,Catalog (default),,Uccelli,Oiseaux,Άλογα,Uccelli,Oiseaux,Άλογα,Uccelli,Oiseaux,Άλογα,,,,,,
SUB_13007,MC_13001,Horses,Horses,Horses,Horses,1,1,1,1,0,1,,Catalog (default),,Cavalli,Chevaux,Κήπος & Λίμνη,Cavalli,Chevaux,Κήπος & Λίμνη,Cavalli,Chevaux,Κήπος & Λίμνη,,,,,,
SUB_13008,MC_13001,Garden & Pond,Garden & Pond,Garden & Pond,Garden & Pond,1,1,1,1,0,1,,Catalog (default),,Giardino & laghetto,Jardin et bassin,Voucher για περιπέτεια,Giardino & laghetto,Jardin et bassin,Voucher για περιπέτεια,Giardino & laghetto,Jardin et bassin,Voucher για περιπέτεια,,,,,,
SUB_14001,MC_14001,Adventure vouchers,Adventure vouchers,Adventure vouchers,Adventure vouchers,1,1,1,1,0,1,,Catalog (default),,Voucher avventura,Bons aventure,Μάσκες,Voucher avventura,Bons aventure,Μάσκες,Voucher avventura,Bons aventure,Μάσκες,,,,,,
SUB_15001,MC_15001,Masks,Masks,Masks,Masks,1,1,1,1,0,1,1,Catalog (default),,Maschere,Masques,Γάντια,Maschere,Masques,Γάντια,Maschere,Masques,Γάντια,,,,,,
SUB_15002,MC_15001,Gloves,Gloves,Gloves,Gloves,1,0,1,0,0,1,2,Catalog (default),,Guanti,Gants,"Παντοπωλείο, έλαια & μπαχαρικά",Guanti,Gants,"Παντοπωλείο, έλαια & μπαχαρικά",Guanti,Gants,"Παντοπωλείο, έλαια & μπαχαρικά",,,,,,
SUB_15003,MC_15001,"Grocery, Oils & Spices","Grocery, Oils & Spices","Grocery, Oils & Spices","Grocery, Oils & Spices",1,1,1,1,0,1,3,Catalog (default),,"Alimentari, oli & spezie","Épicerie, huiles et épices",Φρούτα & λαχανικά,"Alimentari, oli & spezie","Épicerie, huiles et épices",Φρούτα & λαχανικά,"Alimentari, oli & spezie","Épicerie, huiles et épices",Φρούτα & λαχανικά,,,,,,
SUB_15004,MC_15001,Fruits & Vegetables,Fruits & Vegetables,Fruits & Vegetables,Fruits & Vegetables,1,1,1,1,0,1,4,Catalog (default),,Frutta & verdura,Fruits et légumes,"Ψωμιά, γαλακτοκομικά και αβγά",Frutta & verdura,Fruits et légumes,"Ψωμιά, γαλακτοκομικά και αβγά",Frutta & verdura,Fruits et légumes,"Ψωμιά, γαλακτοκομικά και αβγά",,,,,,
SUB_15005,MC_15001,"Breads, Dairy & Eggs","Breads, Dairy & Eggs","Breads, Dairy & Eggs","Breads, Dairy & Eggs",1,1,1,1,0,1,5,Catalog (default),,"Pane, latticini & uova","Pain, produits laitiers et œufs ",Τρόφιμα,"Pane, latticini & uova","Pain, produits laitiers et œufs ",Τρόφιμα,"Pane, latticini & uova","Pain, produits laitiers et œufs ",Τρόφιμα,,,,,,
SUB_15006,MC_15001,Food Mart,Food Mart,Food Mart,Food Mart,1,1,1,1,0,1,6,Catalog (default),,Supermercato,Food Mart,"Σνακ, μπισκότα & γλυκά",Supermercato,Food Mart,"Σνακ, μπισκότα & γλυκά",Supermercato,Food Mart,"Σνακ, μπισκότα & γλυκά",,,,,,
SUB_15007,MC_15001,"Snacks, Biscuits & Confectionery","Snacks, Biscuits & Confectionery","Snacks, Biscuits & Confectionery","Snacks, Biscuits & Confectionery",1,1,1,1,0,1,7,Catalog (default),,"Snack, biscotti & pasticceria","Encas, biscuits et confiseries","Αποξηραμένα φρούτα, καρύδια & σπόροι","Snack, biscotti & pasticceria","Encas, biscuits et confiseries","Αποξηραμένα φρούτα, καρύδια & σπόροι","Snack, biscotti & pasticceria","Encas, biscuits et confiseries","Αποξηραμένα φρούτα, καρύδια & σπόροι",,,,,,
SUB_15008,MC_15001,Dryfruits Nuts & Seeds,Dryfruits Nuts & Seeds,Dryfruits Nuts & Seeds,Dryfruits Nuts & Seeds,1,1,1,1,0,1,8,Catalog (default),,"Frutta secca, noci & semi","Fruits secs, noix et graines",Κατεψυγμένα τρόφίμα,"Frutta secca, noci & semi","Fruits secs, noix et graines",Κατεψυγμένα τρόφίμα,"Frutta secca, noci & semi","Fruits secs, noix et graines",Κατεψυγμένα τρόφίμα,,,,,,
SUB_15009,MC_15001,Frozen Foods,Frozen Foods,Frozen Foods,Frozen Foods,1,1,1,1,0,1,9,Catalog (default),,Alimenti surgelati,Nourriture surgelée,Ποτά,Alimenti surgelati,Nourriture surgelée,Ποτά,Alimenti surgelati,Nourriture surgelée,Ποτά,,,,,,
SUB_15010,MC_15001,Beverages,Beverages,Beverages,Beverages,1,1,1,1,0,1,10,Catalog (default),,Bevande,Boissons,Φροντίδα μωρού,Bevande,Boissons,Φροντίδα μωρού,Bevande,Boissons,Φροντίδα μωρού,,,,,,
SUB_15011,MC_15001,Baby Care,Baby Care,Baby Care,Baby Care,1,1,1,1,0,1,11,Catalog (default),,Baby Care,Soins pour bébés,Προσωπική φροντίδα & υγιεινή,Baby Care,Soins pour bébés,Προσωπική φροντίδα & υγιεινή,Baby Care,Soins pour bébés,Προσωπική φροντίδα & υγιεινή,,,,,,
SUB_15012,MC_15001,Personal Care & Hygiene,Personal Care & Hygiene,Personal Care & Hygiene,Personal Care & Hygiene,1,1,1,1,0,1,12,Catalog (default),,Igiene & Cura della persona  ,Soins et hygiène,Καθαριότητα & φροντίδα σπιτιού,Igiene & Cura della persona  ,Soins et hygiène,Καθαριότητα & φροντίδα σπιτιού,Igiene & Cura della persona  ,Soins et hygiène,Καθαριότητα & φροντίδα σπιτιού,,,,,,
SUB_15013,MC_15001,Cleaning & Homecare,Cleaning & Homecare,Cleaning & Homecare,Cleaning & Homecare,1,1,1,1,0,1,13,Catalog (default),,Pulizia & cura della casa,Nettoyage et entretien domestique,Δώρα & Giveaways,Pulizia & cura della casa,Nettoyage et entretien domestique,Δώρα & Giveaways,Pulizia & cura della casa,Nettoyage et entretien domestique,Δώρα & Giveaways,,,,,,
SUB_15014,MC_15001,Gifts & Giveaways,Gifts & Giveaways,Gifts & Giveaways,Gifts & Giveaways,1,1,1,1,0,1,14,Catalog (default),,Regali & omaggi,Cadeaux et cadeaux publicitaires,Βρεφική τροφή & Αξεσουάρ,Regali & omaggi,Cadeaux et cadeaux publicitaires,Βρεφική τροφή & Αξεσουάρ,Regali & omaggi,Cadeaux et cadeaux publicitaires,Βρεφική τροφή & Αξεσουάρ,,,,,,
SUB_20001,MC_20001,Baby food & accessories,Baby food & accessories,Baby food & accessories,Baby food & accessories,1,1,1,1,0,1,,Catalog (default),,Alimenti per bambini & accessori,Nourriture et accessoires pour bébés,Φροντίδα μωρού & αξεσουάρ,Alimenti per bambini & accessori,Nourriture et accessoires pour bébés,Φροντίδα μωρού & αξεσουάρ,Alimenti per bambini & accessori,Nourriture et accessoires pour bébés,Φροντίδα μωρού & αξεσουάρ,,,,,,
SUB_20002,MC_20001,Baby care & diapering accessories,Baby care & diapering accessories,Baby care & diapering accessories,Baby care & diapering accessories,1,1,1,1,0,1,,Catalog (default),,Accessori per la cura del bambino & pannolini,Soins bébé et accessoires de change,Eνδοεπικοινωνία μωρού & ασφάλεια,Accessori per la cura del bambino & pannolini,Soins bébé et accessoires de change,Eνδοεπικοινωνία μωρού & ασφάλεια,Accessori per la cura del bambino & pannolini,Soins bébé et accessoires de change,Eνδοεπικοινωνία μωρού & ασφάλεια,,,,,,
SUB_20003,MC_20001,Baby monitors & safety,Baby monitors & safety,Baby monitors & safety,Baby monitors & safety,1,1,1,1,0,1,,Catalog (default),,Controllo & sicurezza del bambino,Baby phones et sécurité,Ταξιδεύοντας με μωρά & αποσκευές μωρών,Controllo & sicurezza del bambino,Baby phones et sécurité,Ταξιδεύοντας με μωρά & αποσκευές μωρών,Controllo & sicurezza del bambino,Baby phones et sécurité,Ταξιδεύοντας με μωρά & αποσκευές μωρών,,,,,,
SUB_20004,MC_20001,Baby carriers & traveling with babies,Baby carriers & traveling with babies,Baby carriers & traveling with babies,Baby carriers & traveling with babies,1,1,1,1,0,1,,Catalog (default),,Marsupio & accessori viaggio per neonati,Porte-bébés et voyages,Παιδικά καθίσματα,Marsupio & accessori viaggio per neonati,Porte-bébés et voyages,Παιδικά καθίσματα,Marsupio & accessori viaggio per neonati,Porte-bébés et voyages,Παιδικά καθίσματα,,,,,,
SUB_20005,MC_20001,Child Seats,Child Seats,Child Seats,Child Seats,1,1,1,1,0,1,,Catalog (default),,Seggiolini per bambini,Sièges enfants,Καροτσάκια και αξεσουάρ,Seggiolini per bambini,Sièges enfants,Καροτσάκια και αξεσουάρ,Seggiolini per bambini,Sièges enfants,Καροτσάκια και αξεσουάρ,,,,,,
SUB_20006,MC_20001,Strollers & Accessories,Strollers & Accessories,Strollers & Accessories,Strollers & Accessories,1,1,1,1,0,1,,Catalog (default),,Passeggini & accessori,Poussettes et accessoires,Βρεφικό δωμάτιο,Passeggini & accessori,Poussettes et accessoires,Βρεφικό δωμάτιο,Passeggini & accessori,Poussettes et accessoires,Βρεφικό δωμάτιο,,,,,,
SUB_20007,MC_20001,Nursery,Nursery,Nursery,Nursery,1,1,1,1,0,1,,Catalog (default),,Stanza del bebè,Garderie,Παιχνίδια,Stanza del bebè,Garderie,Παιχνίδια,Stanza del bebè,Garderie,Παιχνίδια,,,,,,
SUB_20008,MC_20001,Toys,Toys,Toys,Toys,1,1,1,1,0,1,918,Catalog (default),,Giocattoli,Jouets,Εκπαιδευτικά παιχνίδια,Giocattoli,Jouets,Εκπαιδευτικά παιχνίδια,Giocattoli,Jouets,Εκπαιδευτικά παιχνίδια,,,,,,
SUB_20008_01,SUB_20008,Learning toys,Learning toys,Learning toys,Learning toys,1,1,1,1,0,1,,Catalog (default),,Giocattoli per l'apprendimento,Jouets éducatifs,Παιχνίδια εξωτερικού χώρου,Giocattoli per l'apprendimento,Jouets éducatifs,Παιχνίδια εξωτερικού χώρου,Giocattoli per l'apprendimento,Jouets éducatifs,Παιχνίδια εξωτερικού χώρου,,,,,,
SUB_20008_02,SUB_20008,Outdoor toys,Outdoor toys,Outdoor toys,Outdoor toys,1,1,1,1,0,1,,Catalog (default),,Giochi da esterno,Jouets d'extérieur,Ξύλινα παιχνίδια,Giochi da esterno,Jouets d'extérieur,Ξύλινα παιχνίδια,Giochi da esterno,Jouets d'extérieur,Ξύλινα παιχνίδια,,,,,,
SUB_20008_03,SUB_20008,Wooden toys,Wooden toys,Wooden toys,Wooden toys,1,1,1,1,0,1,,Catalog (default),,Giocattoli di legno,Jouets en bois,Επιτραπέζια παιχνίδια,Giocattoli di legno,Jouets en bois,Επιτραπέζια παιχνίδια,Giocattoli di legno,Jouets en bois,Επιτραπέζια παιχνίδια,,,,,,
SUB_20008_04,SUB_20008,Board games,Board games,Board games,Board games,1,1,1,1,0,1,,Catalog (default),,Giochi da tavolo,Jeux de société,Ηλεκτρονικά παιχνίδια,Giochi da tavolo,Jeux de société,Ηλεκτρονικά παιχνίδια,Giochi da tavolo,Jeux de société,Ηλεκτρονικά παιχνίδια,,,,,,
SUB_20008_05,SUB_20008,Electric toys,Electric toys,Electric toys,Electric toys,1,1,1,1,0,1,,Catalog (default),,Giochi elettronici,Jouets électroniques,Παιδικά οχήματα,Giochi elettronici,Jouets électroniques,Παιδικά οχήματα,Giochi elettronici,Jouets électroniques,Παιδικά οχήματα,,,,,,
SUB_20008_06,SUB_20008,Children´s vehicles,Children´s vehicles,Children´s vehicles,Children´s vehicles,1,1,1,1,0,1,,Catalog (default),,Veicoli per bambini,Véhicules pour enfants,Κούκλες & φιγούρες δράσης,Veicoli per bambini,Véhicules pour enfants,Κούκλες & φιγούρες δράσης,Veicoli per bambini,Véhicules pour enfants,Κούκλες & φιγούρες δράσης,,,,,,
SUB_20008_07,SUB_20008,Game & action figures,Game & action figures,Game & action figures,Game & action figures,1,1,1,1,0,1,,Catalog (default),,Giochi & action figures,Jeux et figurines,Παιχνίδια κατασκευών / τουβλάκια,Giochi & action figures,Jeux et figurines,Παιχνίδια κατασκευών / τουβλάκια,Giochi & action figures,Jeux et figurines,Παιχνίδια κατασκευών / τουβλάκια,,,,,,
SUB_20008_08,SUB_20008,Construction kits / building blocks,Construction kits / building blocks,Construction kits / building blocks,Construction kits / building blocks,1,1,1,1,0,1,,Catalog (default),,Costruzioni & giochi da assemblare,Kits/Blocs de construction,Αγωνιστική πίστα,Costruzioni & giochi da assemblare,Kits/Blocs de construction,Αγωνιστική πίστα,Costruzioni & giochi da assemblare,Kits/Blocs de construction,Αγωνιστική πίστα,,,,,,
SUB_20008_09,SUB_20008,Racetrack,Racetrack,Racetrack,Racetrack,1,1,1,1,0,1,,Catalog (default),,Pista,Circuits,Ζωγραφική & χειροτεχνία,Pista,Circuits,Ζωγραφική & χειροτεχνία,Pista,Circuits,Ζωγραφική & χειροτεχνία,,,,,,
SUB_20008_10,SUB_20008,Painting & handicrafts,Painting & handicrafts,Painting & handicrafts,Painting & handicrafts,1,1,1,1,0,1,,Catalog (default),,Pittura & artigianato,Peinture et création,Λούτρινα ζωάκια,Pittura & artigianato,Peinture et création,Λούτρινα ζωάκια,Pittura & artigianato,Peinture et création,Λούτρινα ζωάκια,,,,,,
SUB_20008_11,SUB_20008,Stuffed animals,Stuffed animals,Stuffed animals,Stuffed animals,1,1,1,1,0,1,,Catalog (default),,Peluche,Peluches,Παιχνίδια για βρέφη (0-12 μηνών),Peluche,Peluches,Παιχνίδια για βρέφη (0-12 μηνών),Peluche,Peluches,Παιχνίδια για βρέφη (0-12 μηνών),,,,,,
SUB_20008_12,SUB_20008,Toys for babies (0-12M),Toys for babies (0-12M),Toys for babies (0-12M),Toys for babies (0-12M),1,1,1,1,0,1,,Catalog (default),,Giochi per bambini (0-12M),Jouets pour bébés (0-12m),Είδη οικιακής χρήσης,Giochi per bambini (0-12M),Jouets pour bébés (0-12m),Είδη οικιακής χρήσης,Giochi per bambini (0-12M),Jouets pour bébés (0-12m),Είδη οικιακής χρήσης,,,,,,
SUB_30001,MC_30001,Household Items,Household Items,Household Items,Household Items,1,1,1,1,0,1,,Catalog (default),,Articoli casalinghi,Produits ménagers,Φακοί επικοινωνίας & γυαλιά οράσεως,Articoli casalinghi,Produits ménagers,Φακοί επικοινωνίας & γυαλιά οράσεως,Articoli casalinghi,Produits ménagers,Φακοί επικοινωνίας & γυαλιά οράσεως,,,,,,
SUB_30002,MC_30001,Contact Lenses & Glasses,Contact Lenses & Glasses,Contact Lenses & Glasses,Contact Lenses & Glasses,1,1,1,1,0,1,,Catalog (default),,Lenti a contatto & occhiali,Lentilles de contact et lunettes,Καλλυντικά & αρώματα,Lenti a contatto & occhiali,Lentilles de contact et lunettes,Καλλυντικά & αρώματα,Lenti a contatto & occhiali,Lentilles de contact et lunettes,Καλλυντικά & αρώματα,,,,,,
SUB_30003,MC_30001,Cosmetics & Fragrances,Cosmetics & Fragrances,Cosmetics & Fragrances,Cosmetics & Fragrances,1,1,1,1,0,1,,Catalog (default),,Cosmetici & profumi,Produits cosmétiques et parfums,Γυναικεία αρώματα,Cosmetici & profumi,Produits cosmétiques et parfums,Γυναικεία αρώματα,Cosmetici & profumi,Produits cosmétiques et parfums,Γυναικεία αρώματα,,,,,,
SUB_30003_01,SUB_30003,Womens fragrances,Womens fragrances,Womens fragrances,Womens fragrances,1,1,1,1,0,1,,Catalog (default),,Profumi da donna,Parfums pour femmes,Ανδρικά αρώματα,Profumi da donna,Parfums pour femmes,Ανδρικά αρώματα,Profumi da donna,Parfums pour femmes,Ανδρικά αρώματα,,,,,,
SUB_30003_02,SUB_30003,Mens fragrances,Mens fragrances,Mens fragrances,Mens fragrances,1,1,1,1,0,1,,Catalog (default),,Profumi da uomo,Parfums pour hommes,Υγιεινή & φροντίδα σώματος,Profumi da uomo,Parfums pour hommes,Υγιεινή & φροντίδα σώματος,Profumi da uomo,Parfums pour hommes,Υγιεινή & φροντίδα σώματος,,,,,,
SUB_30004,MC_30001,Body Hygiene & Care,Body Hygiene & Care,Body Hygiene & Care,Body Hygiene & Care,1,1,1,1,0,1,,Catalog (default),,Igiene & cura del corpo,Soins et hygiène corporels,Προϊόντα ντους & μπάνιου,Igiene & cura del corpo,Soins et hygiène corporels,Προϊόντα ντους & μπάνιου,Igiene & cura del corpo,Soins et hygiène corporels,Προϊόντα ντους & μπάνιου,,,,,,
SUB_30004_01,SUB_30004,Shower & bath products,Shower & bath products,Shower & bath products,Shower & bath products,1,1,1,1,0,1,,Catalog (default),,Doccia & prodotti bagno,Produits de douche et de bain,Αποσμητικά,Doccia & prodotti bagno,Produits de douche et de bain,Αποσμητικά,Doccia & prodotti bagno,Produits de douche et de bain,Αποσμητικά,,,,,,
SUB_30004_02,SUB_30004,Deodorants,Deodorants,Deodorants,Deodorants,1,1,1,1,0,1,,Catalog (default),,Deodoranti,Désodorisants,Ηλιοθεραπεία,Deodoranti,Désodorisants,Ηλιοθεραπεία,Deodoranti,Désodorisants,Ηλιοθεραπεία,,,,,,
SUB_30004_03,SUB_30004,Sun Care,Sun Care,Sun Care,Sun Care,1,1,1,1,0,1,,Catalog (default),,Creme solari,Protection solaire,Φροντίδα δοντιών,Creme solari,Protection solaire,Φροντίδα δοντιών,Creme solari,Protection solaire,Φροντίδα δοντιών,,,,,,
SUB_30004_04,SUB_30004,Dental Care,Dental Care,Dental Care,Dental Care,1,1,1,1,0,1,,Catalog (default),,Cura dentale,Soins dentaires,Έρωτας & αντισύλληψη,Cura dentale,Soins dentaires,Έρωτας & αντισύλληψη,Cura dentale,Soins dentaires,Έρωτας & αντισύλληψη,,,,,,
SUB_30005,MC_30001,Love & Contraception,Love & Contraception,Love & Contraception,Love & Contraception,1,1,1,1,0,1,,Catalog (default),,Amore & contraccezione,Amour et contraception,Φάρμακα & συμπληρώματα διατροφής,Amore & contraccezione,Amour et contraception,Φάρμακα & συμπληρώματα διατροφής,Amore & contraccezione,Amour et contraception,Φάρμακα & συμπληρώματα διατροφής,,,,,,
SUB_30006,MC_30001,Medicine & Food Supplements,Medicine & Food Supplements,Medicine & Food Supplements,Medicine & Food Supplements,1,1,1,1,0,1,,Catalog (default),,Medicine & integratori alimentari,Médicaments et compléments alimentaires,Ιατρικές & κλινικές προμήθειες,Medicine & integratori alimentari,Médicaments et compléments alimentaires,Ιατρικές & κλινικές προμήθειες,Medicine & integratori alimentari,Médicaments et compléments alimentaires,Ιατρικές & κλινικές προμήθειες,,,,,,
SUB_30007,MC_30001,Medical supplies & clinic supplies,Medical supplies & clinic supplies,Medical supplies & clinic supplies,Medical supplies & clinic supplies,1,1,1,1,0,1,,Catalog (default),,Accessori medici & forniture cliniche,Fournitures médicales et de clinique,"Βιβλία, παιχνίδια, ταινίες & μουσική",Accessori medici & forniture cliniche,Fournitures médicales et de clinique,"Βιβλία, παιχνίδια, ταινίες & μουσική",Accessori medici & forniture cliniche,Fournitures médicales et de clinique,"Βιβλία, παιχνίδια, ταινίες & μουσική",,,,,,
SUB_40001,MC_40001,Books,Books,Books,Books,1,1,1,1,0,1,1,Catalog (default),,Libri,Livres,Audio books,Libri,Livres,Audio books,Libri,Livres,Audio books,,,,,,
SUB_40002,MC_40001,Audio Books,Audio Books,Audio Books,Audio Books,1,1,1,1,0,1,2,Catalog (default),,Audiolibri,Livres audio,Ημερολόγιο,Audiolibri,Livres audio,Ημερολόγιο,Audiolibri,Livres audio,Ημερολόγιο,,,,,,
SUB_40003,MC_40001,Calendar,Calendar,Calendar,Calendar,1,1,1,1,0,1,3,Catalog (default),,Calendari,Calendriers,Κινηματογράφος,Calendari,Calendriers,Κινηματογράφος,Calendari,Calendriers,Κινηματογράφος,,,,,,
SUB_40004,MC_40001,Movies,Movies,Movies,Movies,1,1,1,1,0,1,4,Catalog (default),,Film,Films,Τηλεοπτικές σειρές,Film,Films,Τηλεοπτικές σειρές,Film,Films,Τηλεοπτικές σειρές,,,,,,
SUB_40005,MC_40001,TV Series,TV Series,TV Series,TV Series,1,1,1,1,0,1,5,Catalog (default),,Serie TV,Séries télévisées,Μουσική,Serie TV,Séries télévisées,Μουσική,Serie TV,Séries télévisées,Μουσική,,,,,,
SUB_40006,MC_40001,Music,Music,Music,Music,1,1,1,1,0,1,6,Catalog (default),,Musica,Musique,Εξοπλισμός γραφείου,Musica,Musique,Εξοπλισμός γραφείου,Musica,Musique,Εξοπλισμός γραφείου,,,,,,
SUB_50001,MC_50001,Office equipment,Office equipment,Office equipment,Office equipment,1,1,1,1,0,1,,Catalog (default),,Articoli per l'ufficio,Fournitures de bureau,Οργάνωση γραφείου,Articoli per l'ufficio,Fournitures de bureau,Οργάνωση γραφείου,Articoli per l'ufficio,Fournitures de bureau,Οργάνωση γραφείου,,,,,,
SUB_50002,MC_50001,Office organization,Office organization,Office organization,Office organization,1,1,1,1,0,1,,Catalog (default),,Organizzazione dell'ufficio,Organisation de bureau,Gift Boxes & Gift Cards,Organizzazione dell'ufficio,Organisation de bureau,Gift Boxes & Gift Cards,Organizzazione dell'ufficio,Organisation de bureau,Gift Boxes & Gift Cards,,,,,,
SUB_50003,MC_50001,Gift Boxes & Gift Cards,Gift Boxes & Gift Cards,Gift Boxes & Gift Cards,Gift Boxes & Gift Cards,1,1,1,1,0,1,,Catalog (default),,Box regalo & Gift card,Coffrets et cartes cadeaux,Προμήθειες ζωγραφικής & χειροτεχνίας,Box regalo & Gift card,Coffrets et cartes cadeaux,Προμήθειες ζωγραφικής & χειροτεχνίας,Box regalo & Gift card,Coffrets et cartes cadeaux,Προμήθειες ζωγραφικής & χειροτεχνίας,,,,,,
SUB_50004,MC_50001,Painting & Handicraft supplies,Painting & Handicraft supplies,Painting & Handicraft supplies,Painting & Handicraft supplies,1,1,1,1,0,1,911,Catalog (default),,Pittura & accessori artigianato,Fournitures de peinture et de création,Χαρτικά,Pittura & accessori artigianato,Fournitures de peinture et de création,Χαρτικά,Pittura & accessori artigianato,Fournitures de peinture et de création,Χαρτικά,,,,,,
SUB_50005,MC_50001,Paper goods,Paper goods,Paper goods,Paper goods,1,1,1,1,0,1,,Catalog (default),,Prodotti di carta,Fournitures papier,Αξεσουάρ παρουσίασης,Prodotti di carta,Fournitures papier,Αξεσουάρ παρουσίασης,Prodotti di carta,Fournitures papier,Αξεσουάρ παρουσίασης,,,,,,
SUB_50006,MC_50001,Presentation Accessories,Presentation Accessories,Presentation Accessories,Presentation Accessories,1,1,1,1,0,1,,Catalog (default),,Accessori per presentazioni,Accessoires de présentation,"Ψαλίδια, συρραπτικά και κόλλα",Accessori per presentazioni,Accessoires de présentation,"Ψαλίδια, συρραπτικά και κόλλα",Accessori per presentazioni,Accessoires de présentation,"Ψαλίδια, συρραπτικά και κόλλα",,,,,,
SUB_50007,MC_50001,"Scissors, Staplers & Glue","Scissors, Staplers & Glue","Scissors, Staplers & Glue","Scissors, Staplers & Glue",1,1,1,1,0,1,,Catalog (default),,"Forbici, cucitrici & colla","Ciseaux, agrafeuses et colles",Γραφική ύλη,"Forbici, cucitrici & colla","Ciseaux, agrafeuses et colles",Γραφική ύλη,"Forbici, cucitrici & colla","Ciseaux, agrafeuses et colles",Γραφική ύλη,,,,,,
SUB_50008,MC_50001,Stationery,Stationery,Stationery,Stationery,1,1,1,1,0,1,,Catalog (default),,Cancelleria,Papeterie,Σχολικά,Cancelleria,Papeterie,Σχολικά,Cancelleria,Papeterie,Σχολικά,,,,,,
SUB_50009,MC_50001,School supplies,School supplies,School supplies,School supplies,1,1,1,1,0,1,,Catalog (default),,Materiale scolastico,Fournitures scolaires,Τεχνικό σχέδιο,Materiale scolastico,Fournitures scolaires,Τεχνικό σχέδιο,Materiale scolastico,Fournitures scolaires,Τεχνικό σχέδιο,,,,,,
SUB_50010,MC_50001,Technical Drawing,Technical Drawing,Technical Drawing,Technical Drawing,1,1,1,1,0,1,,Catalog (default),,Disegno tecnico,Dessin technique,Συσκευασία & αποστολή,Disegno tecnico,Dessin technique,Συσκευασία & αποστολή,Disegno tecnico,Dessin technique,Συσκευασία & αποστολή,,,,,,
SUB_50011,MC_50001,Packing & Shipping,Packing & Shipping,Packing & Shipping,Packing & Shipping,1,1,1,1,0,1,,Catalog (default),,Imballaggi & spedizioni,Emballage et envoi,Συσσωρευτές και μπαταρίες,Imballaggi & spedizioni,Emballage et envoi,Συσσωρευτές και μπαταρίες,Imballaggi & spedizioni,Emballage et envoi,Συσσωρευτές και μπαταρίες,,,,,,
SUB_60001,MC_60001,Accumulators & Batteries,Accumulators & Batteries,Accumulators & Batteries,Accumulators & Batteries,1,1,1,1,0,1,,Catalog (default),,Accumulatori & batterie,Piles et batteries,Υπολογιστής,Accumulatori & batterie,Piles et batteries,Υπολογιστής,Accumulatori & batterie,Piles et batteries,Υπολογιστής,,,,,,
SUB_60002,MC_60001,Computer,Computer,Computer,Computer,1,1,1,1,0,1,,Catalog (default),,Computer,Ordinateurs,Notebook,Computer,Ordinateurs,Notebook,Computer,Ordinateurs,Notebook,,,,,,
SUB_60002_01,SUB_60002,Notebook,Notebook,Notebook,Notebook,1,1,1,1,0,1,,Catalog (default),,Notebook,Ordinateurs portables,Tablet,Notebook,Ordinateurs portables,Tablet,Notebook,Ordinateurs portables,Tablet,,,,,,
SUB_60002_02,SUB_60002,Tablet,Tablet,Tablet,Tablet,1,1,1,1,0,1,,Catalog (default),,Tablet,Tablettes,Οθόνη,Tablet,Tablettes,Οθόνη,Tablet,Tablettes,Οθόνη,,,,,,
SUB_60002_03,SUB_60002,Monitors,Monitors,Monitors,Monitors,1,1,1,1,0,1,,Catalog (default),,Monitor,Écrans,IT,Monitor,Écrans,IT,Monitor,Écrans,IT,,,,,,
SUB_60002_04,SUB_60002,IT,IT,IT,IT,1,1,1,1,0,1,,Catalog (default),,IT,Informatique,Αξεσουάρ υπολογιστή,IT,Informatique,Αξεσουάρ υπολογιστή,IT,Informatique,Αξεσουάρ υπολογιστή,,,,,,
SUB_60002_05,SUB_60002,Computer Accessories,Computer Accessories,Computer Accessories,Computer Accessories,1,1,1,1,0,1,,Catalog (default),,Accessori per computer,Accessoires informatiques,Εκτυπωτής & σαρωτής,Accessori per computer,Accessoires informatiques,Εκτυπωτής & σαρωτής,Accessori per computer,Accessoires informatiques,Εκτυπωτής & σαρωτής,,,,,,
SUB_60003,MC_60001,Printer & Scanner,Printer & Scanner,Printer & Scanner,Printer & Scanner,1,1,1,1,0,1,,Catalog (default),,Stampanti & scanner,Imprimantes et scanners,Ebook Reader,Stampanti & scanner,Imprimantes et scanners,Ebook Reader,Stampanti & scanner,Imprimantes et scanners,Ebook Reader,,,,,,
SUB_60004,MC_60001,E-Book-Reader,E-Book-Reader,E-Book-Reader,E-Book-Reader,1,1,1,1,0,1,,Catalog (default),,Lettore di e-book,Liseuses électroniques,Φωτογραφία & βιντεοκάμερα,Lettore di e-book,Liseuses électroniques,Φωτογραφία & βιντεοκάμερα,Lettore di e-book,Liseuses électroniques,Φωτογραφία & βιντεοκάμερα,,,,,,
SUB_60005,MC_60001,Photography & Videography,Photography & Videography,Photography & Videography,Photography & Videography,1,1,1,1,0,1,,Catalog (default),,Fotografia & videografia,Photographie et vidéographie,Παιχνίδια & Ηλεκτρονικά Παιχνίδια,Fotografia & videografia,Photographie et vidéographie,Παιχνίδια & Ηλεκτρονικά Παιχνίδια,Fotografia & videografia,Photographie et vidéographie,Παιχνίδια & Ηλεκτρονικά Παιχνίδια,,,,,,
SUB_60006,MC_60001,Gaming & electronic toys,Gaming & electronic toys,Gaming & electronic toys,Gaming & electronic toys,1,1,1,1,0,1,,Catalog (default),,Gaming & giocattoli elettronici,Jeux vidéo et jouets électroniques,Παιχνίδια για κονσόλες Microsoft,Gaming & giocattoli elettronici,Jeux vidéo et jouets électroniques,Παιχνίδια για κονσόλες Microsoft,Gaming & giocattoli elettronici,Jeux vidéo et jouets électroniques,Παιχνίδια για κονσόλες Microsoft,,,,,,
SUB_60006_01a,SUB_60006,Games for Microsoft consoles,Games for Microsoft consoles,Games for Microsoft consoles,Games for Microsoft consoles,1,1,1,1,0,1,1,Catalog (default),,Giochi per console Microsoft,Jeux vidéo pour consoles Microsoft,Κονσόλες Microsoft & αξεσουάρ,Giochi per console Microsoft,Jeux vidéo pour consoles Microsoft,Κονσόλες Microsoft & αξεσουάρ,Giochi per console Microsoft,Jeux vidéo pour consoles Microsoft,Κονσόλες Microsoft & αξεσουάρ,,,,,,
SUB_60006_01b,SUB_60006,Microsoft Consoles & Accessories,Microsoft Consoles & Accessories,Microsoft Consoles & Accessories,Microsoft Consoles & Accessories,1,1,1,1,0,1,2,Catalog (default),,Console Microsoft & accessori,Consoles Microsoft et accessoires,Παιχνίδια για κονσόλες Nintendo,Console Microsoft & accessori,Consoles Microsoft et accessoires,Παιχνίδια για κονσόλες Nintendo,Console Microsoft & accessori,Consoles Microsoft et accessoires,Παιχνίδια για κονσόλες Nintendo,,,,,,
SUB_60006_02a,SUB_60006,Games for Nintendo consoles,Games for Nintendo consoles,Games for Nintendo consoles,Games for Nintendo consoles,1,1,1,1,0,1,3,Catalog (default),,Giochi per console Nintendo,Jeux vidéo pour consoles Nintendo,Κονσόλες Nintendo & αξεσουάρ,Giochi per console Nintendo,Jeux vidéo pour consoles Nintendo,Κονσόλες Nintendo & αξεσουάρ,Giochi per console Nintendo,Jeux vidéo pour consoles Nintendo,Κονσόλες Nintendo & αξεσουάρ,,,,,,
SUB_60006_02b,SUB_60006,Nintendo Consoles & Accessories,Nintendo Consoles & Accessories,Nintendo Consoles & Accessories,Nintendo Consoles & Accessories,1,1,1,1,0,1,4,Catalog (default),,Console Nintendo & accessori,Consoles Nintendo et accessoires,Παιχνίδια για κονσόλες Sony,Console Nintendo & accessori,Consoles Nintendo et accessoires,Παιχνίδια για κονσόλες Sony,Console Nintendo & accessori,Consoles Nintendo et accessoires,Παιχνίδια για κονσόλες Sony,,,,,,
SUB_60006_03a,SUB_60006,Games for Sony consoles,Games for Sony consoles,Games for Sony consoles,Games for Sony consoles,1,1,1,1,0,1,5,Catalog (default),,Giochi per console Sony,Jeux vidéo pour consoles Sony,Κονσόλες Sony & αξεσουάρ,Giochi per console Sony,Jeux vidéo pour consoles Sony,Κονσόλες Sony & αξεσουάρ,Giochi per console Sony,Jeux vidéo pour consoles Sony,Κονσόλες Sony & αξεσουάρ,,,,,,
SUB_60006_03b,SUB_60006,Sony Consoles & Accessories,Sony Consoles & Accessories,Sony Consoles & Accessories,Sony Consoles & Accessories,1,1,1,1,0,1,6,Catalog (default),,Console Sony & accessori,Consoles Sony et accessoires,Παιχνίδια για Η/Υ,Console Sony & accessori,Consoles Sony et accessoires,Παιχνίδια για Η/Υ,Console Sony & accessori,Consoles Sony et accessoires,Παιχνίδια για Η/Υ,,,,,,
SUB_60006_04a,SUB_60006,Games for PC,Games for PC,Games for PC,Games for PC,1,1,1,1,0,1,7,Catalog (default),,Giochi per PC,Jeux vidéo PC,Αξεσουάρ παιχνιδιών Η/Υ,Giochi per PC,Jeux vidéo PC,Αξεσουάρ παιχνιδιών Η/Υ,Giochi per PC,Jeux vidéo PC,Αξεσουάρ παιχνιδιών Η/Υ,,,,,,
SUB_60006_04b,SUB_60006,PC Gaming Accessories,PC Gaming Accessories,PC Gaming Accessories,PC Gaming Accessories,1,1,1,1,0,1,8,Catalog (default),,Accessori per gaming da PC,Accessoires jeux vidéo PC,Άλλες κονσόλες & αξεσουάρ,Accessori per gaming da PC,Accessoires jeux vidéo PC,Άλλες κονσόλες & αξεσουάρ,Accessori per gaming da PC,Accessoires jeux vidéo PC,Άλλες κονσόλες & αξεσουάρ,,,,,,
SUB_60006_05,SUB_60006,other consoles & accessories,other consoles & accessories,other consoles & accessories,other consoles & accessories,1,1,1,1,0,1,9,Catalog (default),,Altre console & accessori,Autres consoles et accessoires,Ηλεκτρονικά παιχνίδια,Altre console & accessori,Autres consoles et accessoires,Ηλεκτρονικά παιχνίδια,Altre console & accessori,Autres consoles et accessoires,Ηλεκτρονικά παιχνίδια,,,,,,
SUB_60006_06,SUB_60006,Electric toys,Electric toys,Electric toys,Electric toys,1,1,1,1,0,1,10,Catalog (default),,Giocattoli elettronici,Jouets électroniques,Οικιακές ηλεκτρικές συσκευές,Giocattoli elettronici,Jouets électroniques,Οικιακές ηλεκτρικές συσκευές,Giocattoli elettronici,Jouets électroniques,Οικιακές ηλεκτρικές συσκευές,,,,,,
SUB_60007,MC_60001,Household Electronics,Household Electronics,Household Electronics,Household Electronics,1,1,1,1,0,1,,Catalog (default),,Elettronica per la casa,Appareils électroniques,Συσκευές κουζίνας,Elettronica per la casa,Appareils électroniques,Συσκευές κουζίνας,Elettronica per la casa,Appareils électroniques,Συσκευές κουζίνας,,,,,,
SUB_60007_01,SUB_60007,Kitchen Appliances,Kitchen Appliances,Kitchen Appliances,Kitchen Appliances,1,1,1,1,0,1,,Catalog (default),,Elettrodomestici per la cucina,Appareils de cuisine,Μεγάλες ηλεκτρικές συσκευές,Elettrodomestici per la cucina,Appareils de cuisine,Μεγάλες ηλεκτρικές συσκευές,Elettrodomestici per la cucina,Appareils de cuisine,Μεγάλες ηλεκτρικές συσκευές,,,,,,
SUB_60007_02,SUB_60007,Large electrical appliances,Large electrical appliances,Large electrical appliances,Large electrical appliances,1,1,1,1,0,1,,Catalog (default),,Grandi elettrodomestici,Gros électroménager,Οικιακές συσκευές,Grandi elettrodomestici,Gros électroménager,Οικιακές συσκευές,Grandi elettrodomestici,Gros électroménager,Οικιακές συσκευές,,,,,,
SUB_60007_03,SUB_60007,Domestic Appliances,Domestic Appliances,Domestic Appliances,Domestic Appliances,1,1,1,1,0,1,,Catalog (default),,Elettrodomestici,Appareils électroménagers,Μηχανές καφέ,Elettrodomestici,Appareils électroménagers,Μηχανές καφέ,Elettrodomestici,Appareils électroménagers,Μηχανές καφέ,,,,,,
SUB_60007_04,SUB_60007,Making Coffee,Making Coffee,Making Coffee,Making Coffee,1,1,1,1,0,1,,Catalog (default),,Fare il caffè,Faire du café,"Hifi, τηλεόραση, βίντεο & ήχος",Fare il caffè,Faire du café,"Hifi, τηλεόραση, βίντεο & ήχος",Fare il caffè,Faire du café,"Hifi, τηλεόραση, βίντεο & ήχος",,,,,,
SUB_60008,MC_60001,"HiFi, TV, Video & Audio","HiFi, TV, Video & Audio","HiFi, TV, Video & Audio","HiFi, TV, Video & Audio",1,1,1,1,0,1,,Catalog (default),,"HiFi, TV, video & audio","HiFi, TV et audio",Hifi & ήχος,"HiFi, TV, video & audio","HiFi, TV et audio",Hifi & ήχος,"HiFi, TV, video & audio","HiFi, TV et audio",Hifi & ήχος,,,,,,
SUB_60008_01,SUB_60008,Hifi & Audio,Hifi & Audio,Hifi & Audio,Hifi & Audio,1,1,1,1,0,1,,Catalog (default),,HiFi & Audio,HiFi et audio,Τηλεόραση & δορυφορική τηλεόραση,HiFi & Audio,HiFi et audio,Τηλεόραση & δορυφορική τηλεόραση,HiFi & Audio,HiFi et audio,Τηλεόραση & δορυφορική τηλεόραση,,,,,,
SUB_60008_02,SUB_60008,TV & Sat,TV & Sat,TV & Sat,TV & Sat,1,1,1,1,0,1,,Catalog (default),,TV & Sat,TV et télévision par satellite,Hifi αυτοκινήτου,TV & Sat,TV et télévision par satellite,Hifi αυτοκινήτου,TV & Sat,TV et télévision par satellite,Hifi αυτοκινήτου,,,,,,
SUB_60008_03,SUB_60008,Car Hifi,Car Hifi,Car Hifi,Car Hifi,1,1,1,1,0,1,,Catalog (default),,HiFi Auto,Systèmes audio pour voitures,Αξεσουάρ ήχου,HiFi Auto,Systèmes audio pour voitures,Αξεσουάρ ήχου,HiFi Auto,Systèmes audio pour voitures,Αξεσουάρ ήχου,,,,,,
SUB_60008_04,SUB_60008,Audio accessories,Audio accessories,Audio accessories,Audio accessories,1,1,1,1,0,1,,Catalog (default),,Accessori audio,Accessoires audio,Τηλεπικοινωνίες & Πλοήγηση,Accessori audio,Accessoires audio,Τηλεπικοινωνίες & Πλοήγηση,Accessori audio,Accessoires audio,Τηλεπικοινωνίες & Πλοήγηση,,,,,,
SUB_60009,MC_60001,Telecommunications & Navigation,Telecommunications & Navigation,Telecommunications & Navigation,Telecommunications & Navigation,1,1,1,1,0,1,,Catalog (default),,Telecomunicazioni & navigazione,Télécommunications et navigation,Smartphones,Telecomunicazioni & navigazione,Télécommunications et navigation,Smartphones,Telecomunicazioni & navigazione,Télécommunications et navigation,Smartphones,,,,,,
SUB_60009_01,SUB_60009,Smartphones,Smartphones,Smartphones,Smartphones,1,1,1,1,0,1,,Catalog (default),,Smartphone,Smartphones,Αξεσουάρ Smartphone,Smartphone,Smartphones,Αξεσουάρ Smartphone,Smartphone,Smartphones,Αξεσουάρ Smartphone,,,,,,
SUB_60009_02,SUB_60009,Smartphone Accessories,Smartphone Accessories,Smartphone Accessories,Smartphone Accessories,1,1,1,1,0,1,,Catalog (default),,Accessori Smartphone,Accessoires pour smartphones,Πλοήγηση,Accessori Smartphone,Accessoires pour smartphones,Πλοήγηση,Accessori Smartphone,Accessoires pour smartphones,Πλοήγηση,,,,,,
SUB_60009_03,SUB_60009,Navigation,Navigation,Navigation,Navigation,1,1,1,1,0,1,,Catalog (default),,Navigazione,Navigation,Smartwatch,Navigazione,Navigation,Smartwatch,Navigazione,Navigation,Smartwatch,,,,,,
SUB_60009_04,SUB_60009,Smartwatch,Smartwatch,Smartwatch,Smartwatch,1,1,1,1,0,1,,Catalog (default),,Smartwatch,Montres connectées,Ηλεκτρονικά αξεσουάρ,Smartwatch,Montres connectées,Ηλεκτρονικά αξεσουάρ,Smartwatch,Montres connectées,Ηλεκτρονικά αξεσουάρ,,,,,,
SUB_60010,MC_60001,Electronics Accessories,Electronics Accessories,Electronics Accessories,Electronics Accessories,1,1,1,1,0,1,,Catalog (default),,Accessori elettronici,Accessoires électroniques,Λογισμικό,Accessori elettronici,Accessoires électroniques,Λογισμικό,Accessori elettronici,Accessoires électroniques,Λογισμικό,,,,,,
SUB_60011,MC_60001,Software,Software,Software,Software,1,1,1,1,0,1,,Catalog (default),,Software,Logiciels,Ηλεκτρολογική Μηχανική,Software,Logiciels,Ηλεκτρολογική Μηχανική,Software,Logiciels,Ηλεκτρολογική Μηχανική,,,,,,
SUB_60012,MC_60001,Electrical engineering,Electrical engineering,Electrical engineering,Electrical engineering,1,1,1,1,0,1,,Catalog (default),,Ingegneria elettrica,Ingénierie électrique,Τεχνολογία κτιρίων,Ingegneria elettrica,Ingénierie électrique,Τεχνολογία κτιρίων,Ingegneria elettrica,Ingénierie électrique,Τεχνολογία κτιρίων,,,,,,
SUB_60012_01,SUB_60012,Building Technology,Building Technology,Building Technology,Building Technology,1,1,1,1,0,1,,Catalog (default),,Tecnologia delle costruzioni,Technologie de construction,Smart Living,Tecnologia delle costruzioni,Technologie de construction,Smart Living,Tecnologia delle costruzioni,Technologie de construction,Smart Living,,,,,,
SUB_60012_02,SUB_60012,SMART Living,SMART Living,SMART Living,SMART Living,1,1,1,1,0,1,,Catalog (default),,Smart living,Domotique,Συνδέσεις & Καλώδια,Smart living,Domotique,Συνδέσεις & Καλώδια,Smart living,Domotique,Συνδέσεις & Καλώδια,,,,,,
SUB_60012_03,SUB_60012,Connectors & Cables,Connectors & Cables,Connectors & Cables,Connectors & Cables,1,1,1,1,0,1,,Catalog (default),,Connettori & cavi,Connecteurs et câbles,Μέτρηση & παροχή ρεύματος,Connettori & cavi,Connecteurs et câbles,Μέτρηση & παροχή ρεύματος,Connettori & cavi,Connecteurs et câbles,Μέτρηση & παροχή ρεύματος,,,,,,
SUB_60012_04,SUB_60012,Measurement & Power Supply,Measurement & Power Supply,Measurement & Power Supply,Measurement & Power Supply,1,1,1,1,0,1,,Catalog (default),,Misurazione & alimentazione,Mesure et alimentation électrique,Κιτ εκπαίδευσης και ανάπτυξης,Misurazione & alimentazione,Mesure et alimentation électrique,Κιτ εκπαίδευσης και ανάπτυξης,Misurazione & alimentazione,Mesure et alimentation électrique,Κιτ εκπαίδευσης και ανάπτυξης,,,,,,
SUB_60012_05,SUB_60012,Education & Development Kits,Education & Development Kits,Education & Development Kits,Education & Development Kits,1,1,1,1,0,1,,Catalog (default),,Kit di educazione & sviluppo,Éducation et développement,Ενεργά στοιχεία,Kit di educazione & sviluppo,Éducation et développement,Ενεργά στοιχεία,Kit di educazione & sviluppo,Éducation et développement,Ενεργά στοιχεία,,,,,,
SUB_60012_06,SUB_60012,Active Components,Active Components,Active Components,Active Components,1,1,1,1,0,1,,Catalog (default),,Componenti attivi,Composants actifs,Παθητικά στοιχεία,Componenti attivi,Composants actifs,Παθητικά στοιχεία,Componenti attivi,Composants actifs,Παθητικά στοιχεία,,,,,,
SUB_60012_07,SUB_60012,Passive Components,Passive Components,Passive Components,Passive Components,1,1,1,1,0,1,,Catalog (default),,Componenti passivi,Composants passifs,Ηλεκτρομηχανική,Componenti passivi,Composants passifs,Ηλεκτρομηχανική,Componenti passivi,Composants passifs,Ηλεκτρομηχανική,,,,,,
SUB_60012_08,SUB_60012,Electromechanics,Electromechanics,Electromechanics,Electromechanics,1,1,1,1,0,1,,Catalog (default),,Elettromeccanica,Électromécanique ,Αυτοματοποίηση & Πνευματικοί αυτοματισμοί,Elettromeccanica,Électromécanique ,Αυτοματοποίηση & Πνευματικοί αυτοματισμοί,Elettromeccanica,Électromécanique ,Αυτοματοποίηση & Πνευματικοί αυτοματισμοί,,,,,,
SUB_60012_09,SUB_60012,Automation & Pneumatics,Automation & Pneumatics,Automation & Pneumatics,Automation & Pneumatics,1,1,1,1,0,1,,Catalog (default),,Automazione & Pneumatici,Automatisation et pneumatics,Φροντίδα σώματος & ευεξία,Automazione & Pneumatici,Automatisation et pneumatics,Φροντίδα σώματος & ευεξία,Automazione & Pneumatici,Automatisation et pneumatics,Φροντίδα σώματος & ευεξία,,,,,,
SUB_60014,MC_60001,Body Care & Wellness,Body Care & Wellness,Body Care & Wellness,Body Care & Wellness,1,1,1,1,0,1,,Catalog (default),,Cura del corpo & Wellness,Soins du corps et bien-être,Ξυριστικές & κουρευτικές μηχανές,Cura del corpo & Wellness,Soins du corps et bien-être,Ξυριστικές & κουρευτικές μηχανές,Cura del corpo & Wellness,Soins du corps et bien-être,Ξυριστικές & κουρευτικές μηχανές,,,,,,
SUB_60014_01,SUB_60014,Beard trimmers & hair clippers,Beard trimmers & hair clippers,Beard trimmers & hair clippers,Beard trimmers & hair clippers,1,1,1,1,0,1,,Catalog (default),,Regolabarba & tagliacapelli,Tondeuses pour barbe et à cheveux,Ηλεκτρικές οδοντόβουρτσες,Regolabarba & tagliacapelli,Tondeuses pour barbe et à cheveux,Ηλεκτρικές οδοντόβουρτσες,Regolabarba & tagliacapelli,Tondeuses pour barbe et à cheveux,Ηλεκτρικές οδοντόβουρτσες,,,,,,
SUB_60014_02,SUB_60014,Electric toothbrushes,Electric toothbrushes,Electric toothbrushes,Electric toothbrushes,1,1,1,1,0,1,,Catalog (default),,Spazzolini elettrici,Brosses à dents électriques,Φροντίδα μαλλιών,Spazzolini elettrici,Brosses à dents électriques,Φροντίδα μαλλιών,Spazzolini elettrici,Brosses à dents électriques,Φροντίδα μαλλιών,,,,,,
SUB_60014_03,SUB_60014,Hair care,Hair care,Hair care,Hair care,1,1,1,1,0,1,,Catalog (default),,Cura dei capelli,Soins capillaires,Ποτά,Cura dei capelli,Soins capillaires,Ποτά,Cura dei capelli,Soins capillaires,Ποτά,,,,,,
SUB_70001,MC_70001,Beverages,Beverages,Beverages,Beverages,1,1,1,1,0,1,,Catalog (default),,Bevande,Boissons,Αλκοόλ,Bevande,Boissons,Αλκοόλ,Bevande,Boissons,Αλκοόλ,,,,,,
SUB_70001_01,SUB_70001,Alcohol,Alcohol,Alcohol,Alcohol,1,1,1,1,0,1,,Catalog (default),,Alcol,Alcool,Χωρίς αλκοόλ,Alcol,Alcool,Χωρίς αλκοόλ,Alcol,Alcool,Χωρίς αλκοόλ,,,,,,
SUB_70001_02,SUB_70001,Alcohol-free,Alcohol-free,Alcohol-free,Alcohol-free,1,1,1,1,0,1,,Catalog (default),,Senza alcol,Sans alcool,Τροφή,Senza alcol,Sans alcool,Τροφή,Senza alcol,Sans alcool,Τροφή,,,,,,
SUB_70002,MC_70001,Food,Food,Food,Food,1,1,1,1,0,1,,Catalog (default),,Cibo,Aliments,Γλυκά & σνακ,Cibo,Aliments,Γλυκά & σνακ,Cibo,Aliments,Γλυκά & σνακ,,,,,,
SUB_70003,MC_70001,Sweets & Snacks,Sweets & Snacks,Sweets & Snacks,Sweets & Snacks,1,1,1,1,0,1,,Catalog (default),,Dolci & Snack,Encas et friandises,Γλυκά,Dolci & Snack,Encas et friandises,Γλυκά,Dolci & Snack,Encas et friandises,Γλυκά,,,,,,
SUB_70003_01,SUB_70003,Sweet,Sweet,Sweet,Sweet,1,1,1,1,0,1,,Catalog (default),,Dolci,Sucré,Αλμυρά,Dolci,Sucré,Αλμυρά,Dolci,Sucré,Αλμυρά,,,,,,
SUB_70003_02,SUB_70003,Salty,Salty,Salty,Salty,1,1,1,1,0,1,,Catalog (default),,Salato,Salé,Ξινά,Salato,Salé,Ξινά,Salato,Salé,Ξινά,,,,,,
SUB_70003_03,SUB_70003,Sour,Sour,Sour,Sour,1,1,1,1,0,1,,Catalog (default),,Aspro,Amer,Μπάνιο,Aspro,Amer,Μπάνιο,Aspro,Amer,Μπάνιο,,,,,,
SUB_80001,MC_80001,Bathroom,Bathroom,Bathroom,Bathroom,1,1,1,1,0,1,,Catalog (default),,Bagno,Salle de bain,Φωτισμός,Bagno,Salle de bain,Φωτισμός,Bagno,Salle de bain,Φωτισμός,,,,,,
SUB_80002,MC_80001,Lighting,Lighting,Lighting,Lighting,1,1,1,1,0,1,,Catalog (default),,Illuminazione,Éclairage,Φωτισμός εσωτερικού χώρου,Illuminazione,Éclairage,Φωτισμός εσωτερικού χώρου,Illuminazione,Éclairage,Φωτισμός εσωτερικού χώρου,,,,,,
SUB_80002_01,SUB_80002,Indoor lights,Indoor lights,Indoor lights,Indoor lights,1,1,1,1,0,1,,Catalog (default),,Illuminazione interna,Éclairage d'intérieur,Φωτισμός εξωτερικού χώρου,Illuminazione interna,Éclairage d'intérieur,Φωτισμός εξωτερικού χώρου,Illuminazione interna,Éclairage d'intérieur,Φωτισμός εξωτερικού χώρου,,,,,,
SUB_80002_02,SUB_80002,Outdoor lights,Outdoor lights,Outdoor lights,Outdoor lights,1,1,1,1,0,1,,Catalog (default),,Illuminazione esterna,Éclairage d'extérieur,Λαμπτήρες,Illuminazione esterna,Éclairage d'extérieur,Λαμπτήρες,Illuminazione esterna,Éclairage d'extérieur,Λαμπτήρες,,,,,,
SUB_80002_03,SUB_80002,Bulbs,Bulbs,Bulbs,Bulbs,1,1,1,1,0,1,,Catalog (default),,Lampadine,Ampoules,Διακόσμηση & Εποχιακά είδη,Lampadine,Ampoules,Διακόσμηση & Εποχιακά είδη,Lampadine,Ampoules,Διακόσμηση & Εποχιακά είδη,,,,,,
SUB_80003,MC_80001,Decoration & Seasonal Items,Decoration & Seasonal Items,Decoration & Seasonal Items,Decoration & Seasonal Items,1,1,1,1,0,1,,Catalog (default),,Deocorazioni & articoli stagionali,Décorations et articles saisonniers,Κήπος,Deocorazioni & articoli stagionali,Décorations et articles saisonniers,Κήπος,Deocorazioni & articoli stagionali,Décorations et articles saisonniers,Κήπος,,,,,,
SUB_80004,MC_80001,Garden,Garden,Garden,Garden,1,1,1,1,0,1,,Catalog (default),,Giardino,Jardin,Μπάρμπεκιου,Giardino,Jardin,Μπάρμπεκιου,Giardino,Jardin,Μπάρμπεκιου,,,,,,
SUB_80004_01,SUB_80004,Barbeque,Barbeque,Barbeque,Barbeque,1,1,1,1,0,1,,Catalog (default),,Barbecue,Barbecue,Εργαλεία κηπουρικής,Barbecue,Barbecue,Εργαλεία κηπουρικής,Barbecue,Barbecue,Εργαλεία κηπουρικής,,,,,,
SUB_80004_02,SUB_80004,Garden Tools,Garden Tools,Garden Tools,Garden Tools,1,1,1,1,0,1,,Catalog (default),,Attrezzi da giardino,Outils de jardinage,Επιπλα κήπου,Attrezzi da giardino,Outils de jardinage,Επιπλα κήπου,Attrezzi da giardino,Outils de jardinage,Επιπλα κήπου,,,,,,
SUB_80004_03,SUB_80004,Garden Furniture,Garden Furniture,Garden Furniture,Garden Furniture,1,1,1,1,0,1,,Catalog (default),,Mobili da giardino,Matériel de jardinage,Φυτά & δέντρα,Mobili da giardino,Matériel de jardinage,Φυτά & δέντρα,Mobili da giardino,Matériel de jardinage,Φυτά & δέντρα,,,,,,
SUB_80004_04,SUB_80004,Plants & Trees,Plants & Trees,Plants & Trees,Plants & Trees,1,1,1,1,0,1,,Catalog (default),,Piante & Alberi,Plantes et arbres,Αξεσουάρ κηπουρικής,Piante & Alberi,Plantes et arbres,Αξεσουάρ κηπουρικής,Piante & Alberi,Plantes et arbres,Αξεσουάρ κηπουρικής,,,,,,
SUB_80004_05,SUB_80004,Planting Accessories,Planting Accessories,Planting Accessories,Planting Accessories,1,1,1,1,0,1,,Catalog (default),,Accessori per la piantagione,Accessoires de plantation,Τεχνολογία πισίνας,Accessori per la piantagione,Accessoires de plantation,Τεχνολογία πισίνας,Accessori per la piantagione,Accessoires de plantation,Τεχνολογία πισίνας,,,,,,
SUB_80004_06,SUB_80004,Pool Technology,Pool Technology,Pool Technology,Pool Technology,1,1,1,1,0,1,,Catalog (default),,Tecnologia per la piscina,Technologie de piscine,Είδη σπιτιού,Tecnologia per la piscina,Technologie de piscine,Είδη σπιτιού,Tecnologia per la piscina,Technologie de piscine,Είδη σπιτιού,,,,,,
SUB_80005,MC_80001,Household goods,Household goods,Household goods,Household goods,1,1,1,1,0,1,,Catalog (default),,Articoli per la casa,Produits ménagers,Υφάσματα οικιακής χρήσης,Articoli per la casa,Produits ménagers,Υφάσματα οικιακής χρήσης,Articoli per la casa,Produits ménagers,Υφάσματα οικιακής χρήσης,,,,,,
SUB_80006,MC_80001,Home textiles,Home textiles,Home textiles,Home textiles,1,1,1,1,0,1,,Catalog (default),,Articoli tessili per la casa,Textiles de maison,Βελτίωση κατοικίας/ DIY,Articoli tessili per la casa,Textiles de maison,Βελτίωση κατοικίας/ DIY,Articoli tessili per la casa,Textiles de maison,Βελτίωση κατοικίας/ DIY,,,,,,
SUB_80007,MC_80001,Home improvement / DIY,Home improvement / DIY,Home improvement / DIY,Home improvement / DIY,1,1,1,1,0,1,,Catalog (default),,Miglioramento della casa / Fai da te,Embellissement/Bricolage,Ηλεκτρικά εργαλεία,Miglioramento della casa / Fai da te,Embellissement/Bricolage,Ηλεκτρικά εργαλεία,Miglioramento della casa / Fai da te,Embellissement/Bricolage,Ηλεκτρικά εργαλεία,,,,,,
SUB_80007_01,SUB_80007,Electric Tools,Electric Tools,Electric Tools,Electric Tools,1,1,1,1,0,1,,Catalog (default),,Strumenti elettrici,Outils électriques,Εργαλεία χειρός,Strumenti elettrici,Outils électriques,Εργαλεία χειρός,Strumenti elettrici,Outils électriques,Εργαλεία χειρός,,,,,,
SUB_80007_02,SUB_80007,Hand Tools,Hand Tools,Hand Tools,Hand Tools,1,1,1,1,0,1,,Catalog (default),,Strumenti manuali,Outils manuels,Αξεσουάρ εργαλείων,Strumenti manuali,Outils manuels,Αξεσουάρ εργαλείων,Strumenti manuali,Outils manuels,Αξεσουάρ εργαλείων,,,,,,
SUB_80007_03,SUB_80007,Tool Accessories,Tool Accessories,Tool Accessories,Tool Accessories,1,1,1,1,0,1,,Catalog (default),,Strumenti,Accessoires pour outils,Kτιριακές ανάγκες ,Strumenti,Accessoires pour outils,Kτιριακές ανάγκες ,Strumenti,Accessoires pour outils,Kτιριακές ανάγκες ,,,,,,
SUB_80007_04,SUB_80007,Building needs,Building needs,Building needs,Building needs,1,1,1,1,0,1,,Catalog (default),,Esigenze di costruzione,Construction,Ηλεκτρικά,Esigenze di costruzione,Construction,Ηλεκτρικά,Esigenze di costruzione,Construction,Ηλεκτρικά,,,,,,
SUB_80007_05,SUB_80007,Electrics,Electrics,Electrics,Electrics,1,1,1,1,0,1,,Catalog (default),,Impianti elettrici,Électricité,Σιδερικά,Impianti elettrici,Électricité,Σιδερικά,Impianti elettrici,Électricité,Σιδερικά,,,,,,
SUB_80007_06,SUB_80007,Ironmongery,Ironmongery,Ironmongery,Ironmongery,1,1,1,1,0,1,,Catalog (default),,Ferramenta,Quincaillerie,Ζωγραφική & Ανακαίνιση,Ferramenta,Quincaillerie,Ζωγραφική & Ανακαίνιση,Ferramenta,Quincaillerie,Ζωγραφική & Ανακαίνιση,,,,,,
SUB_80007_07,SUB_80007,Painting & Renovating,Painting & Renovating,Painting & Renovating,Painting & Renovating,1,1,1,1,0,1,,Catalog (default),,Pittura & ristrutturazione,Peinture et rénovation,Κουζίνα,Pittura & ristrutturazione,Peinture et rénovation,Κουζίνα,Pittura & ristrutturazione,Peinture et rénovation,Κουζίνα,,,,,,
SUB_80008,MC_80001,Kitchen,Kitchen,Kitchen,Kitchen,1,1,1,1,0,1,,Catalog (default),,Cucina,Cuisine,Κλιματισμός εσωτερικού χώρου,Cucina,Cuisine,Κλιματισμός εσωτερικού χώρου,Cucina,Cuisine,Κλιματισμός εσωτερικού χώρου,,,,,,
SUB_80009,MC_80001,Indoor climate,Indoor climate,Indoor climate,Indoor climate,1,1,1,1,0,1,,Catalog (default),,Climatizzazione interna,Température intérieure,Έπιπλα,Climatizzazione interna,Température intérieure,Έπιπλα,Climatizzazione interna,Température intérieure,Έπιπλα,,,,,,
SUB_80010,MC_80001,Furniture,Furniture,Furniture,Furniture,1,1,1,1,0,1,,Catalog (default),,Arredamento,Meubles,Έπιπλα κουζίνας,Arredamento,Meubles,Έπιπλα κουζίνας,Arredamento,Meubles,Έπιπλα κουζίνας,,,,,,
SUB_80010_01,SUB_80010,Kitchen Furniture,Kitchen Furniture,Kitchen Furniture,Kitchen Furniture,1,1,1,1,0,1,,Catalog (default),,Mobili da cucina,Meubles de cuisine,Έπιπλα υπνοδωματίου,Mobili da cucina,Meubles de cuisine,Έπιπλα υπνοδωματίου,Mobili da cucina,Meubles de cuisine,Έπιπλα υπνοδωματίου,,,,,,
SUB_80010_02,SUB_80010,Bedroom Furniture,Bedroom Furniture,Bedroom Furniture,Bedroom Furniture,1,1,1,1,0,1,,Catalog (default),,Mobili per la camera da letto,Meubles de chambre à coucher,Έπιπλα καθιστικού,Mobili per la camera da letto,Meubles de chambre à coucher,Έπιπλα καθιστικού,Mobili per la camera da letto,Meubles de chambre à coucher,Έπιπλα καθιστικού,,,,,,
SUB_80010_03,SUB_80010,Living Room Furniture,Living Room Furniture,Living Room Furniture,Living Room Furniture,1,1,1,1,0,1,,Catalog (default),,Mobili per il soggiorno,Meubles de salon,Έπιπλα τραπεζαρίας,Mobili per il soggiorno,Meubles de salon,Έπιπλα τραπεζαρίας,Mobili per il soggiorno,Meubles de salon,Έπιπλα τραπεζαρίας,,,,,,
SUB_80010_04,SUB_80010,Dining Room Furniture,Dining Room Furniture,Dining Room Furniture,Dining Room Furniture,1,1,1,1,0,1,,Catalog (default),,Mobili per la sala da pranzo,Meubles de salle à manger,Έπιπλα χώρου εργασίας,Mobili per la sala da pranzo,Meubles de salle à manger,Έπιπλα χώρου εργασίας,Mobili per la sala da pranzo,Meubles de salle à manger,Έπιπλα χώρου εργασίας,,,,,,
SUB_80010_05,SUB_80010,Working Space Furniture,Working Space Furniture,Working Space Furniture,Working Space Furniture,1,1,1,1,0,1,,Catalog (default),,Mobili per l'area di lavoro,Meubles de bureau,Έπιπλα παιδικού δωματίου,Mobili per l'area di lavoro,Meubles de bureau,Έπιπλα παιδικού δωματίου,Mobili per l'area di lavoro,Meubles de bureau,Έπιπλα παιδικού δωματίου,,,,,,
SUB_80010_06,SUB_80010,Kids Room Furniture,Kids Room Furniture,Kids Room Furniture,Kids Room Furniture,1,1,1,1,0,1,,Catalog (default),,Mobili per la stanza dei bambini,Meubles pour enfants,Έπιπλα μπάνιου,Mobili per la stanza dei bambini,Meubles pour enfants,Έπιπλα μπάνιου,Mobili per la stanza dei bambini,Meubles pour enfants,Έπιπλα μπάνιου,,,,,,
SUB_80010_07,SUB_80010,Bath Furniture,Bath Furniture,Bath Furniture,Bath Furniture,1,1,1,1,0,1,,Catalog (default),,Mobili per il bagno,Meubles de salle de bain,Έπιπλα εισόδου,Mobili per il bagno,Meubles de salle de bain,Έπιπλα εισόδου,Mobili per il bagno,Meubles de salle de bain,Έπιπλα εισόδου,,,,,,
SUB_80010_08,SUB_80010,Hall Furniture,Hall Furniture,Hall Furniture,Hall Furniture,1,1,1,1,0,1,,Catalog (default),,Mobili per il salotto,Meubles d'entrée,Ο κόσμος του βιβλίου,Mobili per il salotto,Meubles d'entrée,Ο κόσμος του βιβλίου,Mobili per il salotto,Meubles d'entrée,Ο κόσμος του βιβλίου,,,,,,
SUB_90001,MC_90001,Book world,Book world,Book world,Book world,1,1,1,1,0,1,,Catalog (default),,Mondo dei libri,Univers du livre,Ο κόσμος του κινηματογράφου,Mondo dei libri,Univers du livre,Ο κόσμος του κινηματογράφου,Mondo dei libri,Univers du livre,Ο κόσμος του κινηματογράφου,,,,,,
SUB_90002,MC_90001,Film world,Film world,Film world,Film world,1,1,1,1,0,1,,Catalog (default),,Mondo dei film,Univers du cinéma,Ο κόσμος των Video Games,Mondo dei film,Univers du cinéma,Ο κόσμος των Video Games,Mondo dei film,Univers du cinéma,Ο κόσμος των Video Games,,,,,,
SUB_90003,MC_90001,Gaming World,Gaming World,Gaming World,Gaming World,1,1,1,1,0,1,,Catalog (default),,Mondo del gaming,Univers des jeux,Ο κόσμος της μουσικής,Mondo del gaming,Univers des jeux,Ο κόσμος της μουσικής,Mondo del gaming,Univers des jeux,Ο κόσμος της μουσικής,,,,,,
SUB_90004,MC_90001,Music World,Music World,Music World,Music World,1,1,1,1,0,1,,Catalog (default),,Mondo della musica,Univers de la musique,Ο κόσμος των τηλεοπτικών σειρών,Mondo della musica,Univers de la musique,Ο κόσμος των τηλεοπτικών σειρών,Mondo della musica,Univers de la musique,Ο κόσμος των τηλεοπτικών σειρών,,,,,,
SUB_90005,MC_90001,Series world,Series world,Series world,Series world,1,1,1,1,0,1,,Catalog (default),,Mondo delle serie TV,Univers des séries,Είδη ανεμιστήρων,Mondo delle serie TV,Univers des séries,Είδη ανεμιστήρων,Mondo delle serie TV,Univers des séries,Είδη ανεμιστήρων,,,,,,
SUB_90006,MC_90001,Fan articles,Fan articles,Fan articles,Fan articles,1,1,1,1,0,1,,Catalog (default),,Articoli per i fan,Articles officiels,myWorld,Articoli per i fan,Articles officiels,myWorld,Articoli per i fan,Articles officiels,myWorld,,,,,,
SUB_90006_01,SUB_90006,myWorld,myWorld,myWorld,myWorld,1,1,1,1,0,1,,Catalog (default),,myWorld,myWorld,Lyconet,myWorld,myWorld,Lyconet,myWorld,myWorld,Lyconet,,,,,,
SUB_90006_01_01,SUB_90006_01,Lyconet,Lyconet,Lyconet,Lyconet,1,1,1,1,0,1,,Catalog (default),,Lyconet,Lyconet,Κορυφαίος πωλητής,Lyconet,Lyconet,Κορυφαίος πωλητής,Lyconet,Lyconet,Κορυφαίος πωλητής,,,,,,
SUB_90006_01_01a,SUB_90006_01_01,Top-Seller,Top-Seller,Top-Seller,Top-Seller,1,0,1,0,0,1,,Catalog (default),,Più venduti,Meilleur vendeur,Ταξίδι,Più venduti,Meilleur vendeur,Ταξίδι,Più venduti,Meilleur vendeur,Ταξίδι,,,,,,
SUB_90006_01_01b,SUB_90006_01_01,Travel,Travel,Travel,Travel,1,0,1,0,0,1,,Catalog (default),,Viaggi,Voyages,Ένδυση,Viaggi,Voyages,Ένδυση,Viaggi,Voyages,Ένδυση,,,,,,
SUB_90006_01_01c,SUB_90006_01_01,Clothing,Clothing,Clothing,Clothing,1,0,1,0,0,1,,Catalog (default),,Vestiario,Vêtements,CFF,Vestiario,Vêtements,CFF,Vestiario,Vêtements,CFF,,,,,,
SUB_90006_01_01d,SUB_90006_01_01,CFF,CFF,CFF,CFF,1,0,1,0,0,1,,Catalog (default),,CFF,CFF,Eventbranding,CFF,CFF,Eventbranding,CFF,CFF,Eventbranding,,,,,,
SUB_90006_01_01e,SUB_90006_01_01,Eventbranding,Eventbranding,Eventbranding,Eventbranding,1,0,1,0,0,1,,Catalog (default),,Eventbranding,Event branding,Office,Eventbranding,Event branding,Office,Eventbranding,Event branding,Office,,,,,,
SUB_90006_01_01f,SUB_90006_01_01,Office,Office,Office,Office,1,0,1,0,0,1,,Catalog (default),,Ufficio,Office,EliteClub,Ufficio,Office,EliteClub,Ufficio,Office,EliteClub,,,,,,
SUB_90006_01_02,SUB_90006_01,EliteClub,EliteClub,EliteClub,EliteClub,1,1,1,1,0,1,,Catalog (default),,EliteClub,EliteClub,EliteClub Deals,EliteClub,EliteClub,EliteClub Deals,EliteClub,EliteClub,EliteClub Deals,,,,,,
SUB_90006_01_02a,SUB_90006_01_02,EliteClub Deals,EliteClub Deals,EliteClub Deals,EliteClub Deals,1,0,1,0,0,1,,Catalog (default),,EliteClub Deals,Deals EliteClub,όλοι οι άλλοι κόσμοι,EliteClub Deals,Deals EliteClub,όλοι οι άλλοι κόσμοι,EliteClub Deals,Deals EliteClub,όλοι οι άλλοι κόσμοι,,,,,,
SUB_90007,MC_90001,all other worlds,all other worlds,all other worlds,all other worlds,1,1,1,1,0,1,,Catalog (default),,Altri,Autres univers,all other worlds,Altri,Autres univers,all other worlds,Altri,Autres univers,all other worlds,,,,,,
